length,EE88183,EE88184,EE88185,EE88186,EE88187,EE88188,EE88189,EE88190,EE88191,EE88192,EE88193,EE88194,EE88195,EE88196,EE88197,EE88198,EE88199,EE88200,EE88201,EE88202,EE88203,EE88204,EE88205,EE88206,EE88207,EE88208,EE88209,EE88210,EE88211,EE88212,EE88213,EE88214,EE88215,EE88216,EE88217,EE88218,EE88219,EE88220,EE88221,EE88222,EE88223,EE88224,EE88225,EE88226,EE88227,EE88228,EE88229,EE88230,EE88231,EE88232,EE88233,EE88234,EE88235,EE88236,EE88237,EE88238,EE88239,EE88240,EE88241,EE88242,EE88243,EE88244,EE88245,EE88246,EE88247,EE88248,EE88249,EE88250,EE88251,EE88252,EE88253,EE88254,EE88255,EE88256,EE88257,EE88258,EE88259,EE88260,EE88261
95,3594,2926,3819,3355,2164,1965,2564,1125,1550,2527,2065,1259,2686,3457,2854,1238,2466,4108,1640,24,736,1122,992,1678,2070,2624,2191,2179,2567,1790,1987,2317,18,2660,3728,3442,3580,2161,2643,2534,2513,2663,2627,2379,2438,1954,2182,2262,2539,2695,2321,1983,2454,2163,3574,3459,3027,1818,2783,1904,2305,2442,2007,2485,4055,3097,2473,2912,2920,2625,2815,2464,2792,2450,2584,2879,1576,2182,2012
96,3279,3279,3484,3166,2296,2126,2454,1073,1435,2485,1799,1220,2526,3270,2657,1400,2201,3720,1575,18,687,1126,895,1756,1854,2565,2028,2341,2380,1728,2414,2253,1447,2571,3718,3412,3366,2344,2548,2294,2195,2608,2434,2242,2408,2192,2287,2101,2445,2535,2270,1952,2275,2078,3510,3263,2796,2244,2699,2145,2463,2347,1933,2624,3819,2923,2595,2830,2718,2606,2614,2669,2611,2345,2349,3066,1424,2379,1870
97,3193,3179,3283,3035,2389,2124,2453,1272,1471,2514,1920,1179,2508,3155,2599,1432,2296,3754,1483,339,1012,1126,934,1755,1918,2457,1954,2326,2553,1745,2456,2186,1507,2474,4046,3281,3258,2320,2406,2307,2237,2594,2400,2479,2350,2356,2358,2219,2842,2482,2430,1978,2333,2077,3381,3691,2754,2215,2652,2211,2427,2535,1881,2764,4135,2903,2498,3097,2725,2482,2520,2656,2890,2332,2321,3037,1389,2385,1827
98,3827,3409,3608,3204,2451,2247,2838,1288,1667,2653,2250,1292,2916,3229,2669,1496,2422,3910,1568,1956,1079,1312,1170,1904,2001,2511,2176,2623,2842,1956,2500,2258,2113,2611,4257,3572,3766,2518,2515,2751,2717,2748,2509,2600,2792,2566,2398,2396,2891,2784,2636,2123,2399,2586,3673,3847,3124,2277,2866,2235,2516,2790,2227,2881,4602,3036,2814,3360,2951,2596,2677,2740,3130,2415,2428,3263,1455,2476,1963
99,16159,12033,14729,11268,10282,9984,19975,4014,5456,8571,8506,13068,11149,12655,9079,6150,23425,34638,5222,6418,3728,4141,4166,31610,26369,10927,21977,13209,14659,21890,9686,8248,7405,10857,16116,13395,13447,7861,10598,10266,8736,9759,9420,9007,11958,7249,9176,9005,10415,10058,8823,10196,10093,11958,23994,20073,14444,7085,11148,7676,10452,9051,7619,10168,16569,16725,15271,15838,15771,9131,11564,9505,14248,12084,12522,16876,5855,9699,9054
100,18886,14324,17031,13300,11754,11973,23605,4367,6142,9887,9246,15212,13005,15496,10472,6540,26152,39515,6263,7148,4037,4656,4644,31751,30408,11997,25600,16152,16299,24987,10890,9242,8331,11951,18411,15982,15284,8508,11869,11847,9642,11108,10966,10123,14044,8864,10257,10152,11800,11468,9899,11973,12403,14434,26690,22743,17011,7756,12375,8529,11922,10306,8680,11352,18349,20104,18090,18960,18995,10694,13528,10911,16457,14418,14827,19669,6672,10826,10245
101,21615,16602,19577,15245,13503,13401,27083,4638,6831,10635,10164,16873,14268,17761,11843,7337,28667,43464,6946,7783,4554,5251,5093,32997,32767,13081,28660,17138,18166,27611,12187,9956,8987,12735,21356,18784,17951,9435,13000,12873,10750,11821,12709,11451,15919,10221,11307,11191,13177,12688,11391,13545,14202,16414,28656,24351,18340,8605,13466,9430,13658,11455,9835,12675,21158,23174,20366,21283,21323,12001,15632,12757,18389,16456,16837,22455,7227,11896,11094
102,24205,19123,21818,16924,14802,14471,28844,4889,7043,11156,10659,17493,15189,18013,11959,7694,29877,44856,7249,7918,4537,5614,5369,34424,32590,13491,29993,18046,19179,28216,12862,10604,9420,13855,23397,19974,18994,9634,13544,13567,11165,12162,12948,11986,16352,10621,12590,11572,14266,13564,11519,13968,14884,16572,31046,25592,19505,8883,13465,9684,14299,11722,10186,13365,22530,24087,21137,22695,22629,12152,16035,12957,19459,17564,18112,23486,7649,13151,11592
103,25640,20815,23764,17986,15498,15431,29186,5253,7529,11363,10982,17198,15867,18725,12514,8087,29794,44304,7414,8223,4578,5988,5738,35243,31515,14059,30403,19065,19743,27557,13344,11064,10347,13994,24293,20943,20498,10188,13925,14448,11896,12679,13625,12768,16927,11188,13107,12265,15306,13972,12040,14176,15352,17442,32765,26722,19972,9293,13873,10016,14692,12644,10436,13905,24173,24570,21925,23417,23131,12985,16906,13732,19999,17932,18507,23549,7897,13445,12314
104,26202,22907,24161,18666,15341,15527,28694,5564,7855,11599,11900,16439,16553,18490,13069,8477,29180,42516,7510,8761,4685,6037,6049,35808,29260,15293,29388,20414,20700,26484,13549,11582,10243,14441,24884,21410,21059,10487,14564,14625,13012,12957,13984,12974,17273,11496,12958,12406,15425,14423,12211,13874,14869,16813,35223,28161,20670,9608,14381,10726,14971,12760,11030,14416,25773,24320,21263,24257,22650,12820,17315,14097,20358,18124,18312,23759,8205,13588,12561
105,26385,23659,24288,19373,15192,15443,28507,5488,7899,12074,12047,15314,17002,18157,13298,8680,28797,41202,7589,8748,4960,6084,6324,36180,27691,15448,28631,20750,21242,25929,13815,11921,10475,15109,24786,22212,21799,10640,14983,14695,13131,13141,13921,13095,17247,11820,13044,12646,15208,14544,12558,14120,14543,17106,36727,28777,20860,9371,14716,10869,14582,12895,10946,14480,26889,23044,20759,23637,21886,13065,17453,14045,20719,18094,18687,24936,8301,13766,13078
106,28445,25247,26091,20642,16238,16907,30930,5826,8648,12853,13047,15979,18173,20206,14723,9479,30441,42863,8281,9232,5323,6546,6921,38615,28042,16504,29741,23489,22891,27329,15332,12894,11375,16207,26134,24010,23329,11566,15800,15690,13962,14010,14725,14177,18601,12992,13861,13752,16548,15660,13321,15192,16075,18235,39483,30867,22758,10545,16008,11435,15892,13685,11640,15626,28609,24377,22075,24778,23151,14507,19520,15629,22255,19891,20606,27559,9042,14752,14064
107,31389,27470,29012,22664,18113,19134,33800,6794,9584,14730,14355,17532,20513,22518,16517,10616,33104,47258,9230,10644,6114,7263,7784,40809,29810,18720,31760,25823,25327,30074,17795,14473,12953,18280,28933,26664,25732,13335,17710,17555,15329,15479,17181,16064,20997,15154,15388,15178,18067,17579,14892,16582,18321,20516,42245,33758,24988,11730,17599,13218,17664,15454,13266,17159,31567,27325,24364,27672,25796,16219,21757,17547,24592,22818,23164,31701,10163,16220,15308
108,34851,29914,31535,25770,20700,21577,37861,7491,10708,16321,16004,19132,22122,25510,18330,11484,36181,50382,10454,11380,6680,7870,8360,41576,32044,20089,34309,28433,28210,33007,19598,16377,14251,20554,31724,28979,27946,14541,19702,19431,16455,17124,19119,17992,23802,16710,17375,17059,20125,19034,16711,19347,20855,23703,45808,36853,27875,12959,19270,14621,19900,17148,14600,19259,33696,30988,27625,30946,29427,18141,23900,19449,28160,26057,26022,35674,11389,18437,17039
109,39692,33334,35704,29686,24561,25781,43740,8766,12708,19113,17493,21648,25123,29911,20909,12921,39149,55637,12017,13391,7308,9181,9533,40909,36853,22930,38339,31030,31714,36511,22012,18107,16644,22802,35182,31878,31254,16436,22594,23411,19195,20332,22640,20712,28509,18619,19883,19082,23078,22078,19498,23062,24837,28148,49867,41617,32070,14929,22614,16558,23024,19943,16953,22198,37500,37969,33481,36665,35642,21307,27909,22010,32260,29962,29974,40118,13357,21129,19058
110,47607,38810,42151,34649,30519,31748,52058,10238,15556,23282,20234,25154,28637,37146,24588,14483,43642,62690,14667,15780,8348,10795,11044,40423,43399,27217,44360,34786,36697,41797,25591,21432,19069,26911,40242,36679,35204,19078,27281,28333,22723,23999,27470,24245,35271,21449,23433,22690,26528,26366,23555,28663,30718,35412,55203,48100,38450,17765,25938,18767,27159,23440,20786,25761,43168,47045,40995,45337,44304,26120,33350,26314,38664,35876,36063,46426,15750,24404,23170
111,54699,45030,48454,40068,35234,37417,59485,11847,17593,27225,22415,28007,31751,44149,27649,16175,48173,69091,16811,17740,9279,12561,12041,40644,48631,30744,48921,38769,42056,46338,28650,24865,21304,30634,45088,41037,39651,20680,32181,32186,26327,28120,32009,27963,40891,23661,25976,25383,29483,29546,27222,33978,36345,41902,60203,54139,44510,19804,28527,21013,31258,26477,23532,29412,49041,55569,47898,52927,51621,30419,37949,30081,44384,41257,41357,53558,18654,27999,26272
112,57061,47907,50661,42223,37085,39147,60990,12529,18962,28860,23307,28589,33263,46175,29261,16933,48494,68876,18273,18468,9985,13065,12589,39796,47827,32540,49656,39533,43775,46768,29573,26137,22060,32170,47893,43596,42051,21579,33511,33996,28117,29670,33616,28881,43560,24336,26728,25917,30916,30322,28270,35321,37630,43342,63592,56545,46352,21668,29048,21925,32214,27795,24820,30469,51658,57792,49110,55332,52806,31360,40380,31278,45780,42667,42690,55993,19503,29274,27195
113,52303,46559,48010,40055,34215,35611,54801,11960,17817,27225,22363,24870,32037,42700,28143,16254,43887,62692,17706,17545,9406,12370,11928,37682,41229,31268,44226,37904,41047,42922,27766,24822,20705,30035,46290,41834,40642,20716,31121,31229,26821,27088,30412,26842,39007,23259,24891,23963,29084,28676,26216,31059,34005,38395,64741,54474,43121,20128,26724,21044,29779,25512,22880,28634,50243,50636,43346,50281,46532,29320,37744,29571,41960,37512,39219,51684,17943,27352,25679
114,49854,44828,45690,38760,31760,32812,51088,11738,16624,26088,21988,22492,32084,39869,28525,16291,41386,58798,17886,16725,9210,12156,11790,36810,36475,30620,40359,37079,39233,39359,26564,24352,20235,29294,46225,41442,40418,20366,29808,29455,26834,26055,28886,25933,35887,22604,23544,22892,27453,27324,24600,28754,31135,35229,65272,53309,40867,19485,26082,20913,28121,24459,21582,27999,49923,46221,39482,46815,42020,28111,36722,29048,39431,34808,36592,48850,17489,26258,24659
115,51491,45819,46592,39531,32718,33578,51920,11829,17533,27251,22642,22167,33316,40551,29473,17209,41658,58791,18611,17641,10072,12571,12028,37499,35965,31262,40601,38380,40172,39786,27157,25604,20486,29758,47854,42727,42858,20812,30377,30503,28475,26290,29378,27207,36004,23693,24307,22927,28719,27990,25088,29068,31386,35161,68623,54296,42095,19760,26947,21357,28865,25212,21917,28909,52016,46108,39827,47273,42173,28753,37662,29774,41472,36189,37899,51397,17921,27334,25625
116,55579,49393,51309,43576,36006,37133,55696,13209,19626,30247,25541,23495,37176,43792,32172,18726,44875,63444,20407,18905,11033,13783,13478,39471,36892,35114,42296,41342,43679,42927,29979,27934,22529,32772,52081,47948,47248,22797,33019,34084,32283,29245,32303,30131,39118,25978,26312,25021,31151,30703,27731,31456,34404,37757,72441,58026,44773,21589,29097,23293,31249,27940,23949,31700,56822,48625,42030,50761,44990,32257,41450,32460,44861,39257,41268,57077,19298,29412,27360
117,60949,52052,55815,47740,40581,41373,60706,14903,22743,33850,28588,24504,41348,48751,35046,21085,49034,69309,22724,21245,12340,15673,14866,41925,39245,39735,45147,45509,48420,47232,33744,32001,25379,37094,57885,52437,52423,25442,38000,37784,35791,32624,35628,33679,43217,29145,28803,27658,34386,34009,30652,35121,38112,42547,77172,62590,48991,24022,31957,25497,34459,31232,26877,34908,62047,54092,46200,55640,49329,35875,45926,36138,49615,44193,46337,64862,21587,32060,31172
118,66429,56473,60495,52095,46146,46654,66742,17501,25610,39647,30658,27239,45382,54913,38814,23329,52898,74367,25919,23901,13584,17411,16679,43144,42378,44933,47629,50619,53544,50657,38328,36117,28778,41775,63162,57489,57132,28508,42679,42639,40240,37546,41081,37626,49181,32916,31976,30509,37435,37498,34504,40074,43350,47320,81719,68927,54670,27242,36799,28599,38247,34695,30408,38932,67450,60791,51608,62411,55704,40304,51025,40432,55166,48888,51344,71245,24447,35545,34627
119,74923,62701,67965,59380,53562,54605,75133,20481,29938,47062,35164,30481,50260,64786,44234,25815,57026,82528,30037,27507,15373,19734,18539,42755,47518,51895,52885,57703,61390,55502,43344,41365,33097,48326,69986,63437,63018,32784,50342,49928,45692,44046,47328,43176,58043,37354,35970,34902,41936,42564,41035,47040,51230,55968,89354,78816,62227,32306,43049,33651,43969,39777,35056,44471,76204,71565,60463,72459,64598,46791,58557,45756,63750,55464,58047,79830,28304,40967,39813
120,91381,75141,82872,72123,67608,68568,91863,26443,37667,60081,40381,36805,58528,81923,52614,30839,66836,98742,37646,34174,18321,23464,21668,44345,57710,64795,62086,67761,73486,65030,52595,50795,40113,58910,82872,73737,73586,40053,62272,62584,55930,55626,59197,52237,74189,44864,43508,41749,49910,51659,51326,59802,65970,71597,98154,94280,74788,40320,52744,41285,53436,48484,42977,54133,89994,89519,75837,89986,79880,58339,70494,55174,77489,67266,70709,92829,35556,49767,48594
121,119521,97001,107749,94490,89938,89523,117032,35378,50284,79461,49976,46022,72464,108917,65554,38602,82574,122689,50157,44591,22629,29295,26716,47423,72050,85321,75215,84181,91341,78323,68082,65395,51781,76468,105979,93799,93176,51458,81945,82939,72250,73462,78476,68315,96283,56985,56147,54262,63426,66416,67776,80618,88176,95889,111481,114266,96201,51984,65400,52934,69049,62262,56037,68913,112334,115477,98046,114645,103220,75844,90489,70394,100227,86243,91295,114986,45874,63286,62522
122,144045,118496,131109,113831,108910,106669,136724,43321,61544,96545,57998,53857,83983,130233,76905,45671,94833,142744,60946,53966,26559,34938,31881,50467,83512,103363,85619,98193,107054,89327,81071,77617,61573,91315,125327,110906,110972,61551,99376,99157,87039,88166,93805,81952,115069,68071,66227,64589,74218,78908,81864,97394,106559,115082,122901,130476,112808,62697,72631,62621,82092,73504,66844,80752,133440,135162,113204,134296,120119,89363,105574,83221,117247,101651,107393,132791,54084,74516,74439
123,145493,123593,134512,117396,110062,104692,133530,44387,62768,98999,59158,53049,84738,129204,79833,47065,93645,141135,62005,54049,26943,35161,31681,50313,81991,103788,84109,98807,107630,87548,81030,78918,61880,91822,126907,113508,114392,62214,99748,98626,88669,88593,94033,84265,113888,68693,65830,63039,74124,78515,81746,95505,105632,112024,125575,129418,112572,63522,69626,62916,81231,73249,67109,81509,138295,130853,110011,131311,116345,88758,104073,82233,115235,100877,105775,131932,53532,74983,74779
124,124395,114792,118503,103432,88119,84340,107398,36472,52250,82188,51599,43469,76593,103715,73500,41060,79868,118439,52659,45287,23609,31690,27733,45995,65908,87913,71807,82545,91094,73090,67532,68382,51865,77730,111757,99764,103307,51964,82248,81953,79034,72186,77385,71027,91704,58717,54107,52336,62798,65089,66407,75072,83707,88944,117958,111652,94486,52900,58106,53124,67605,60573,54546,68852,127952,103821,87207,106554,91574,73464,87482,69222,94406,80696,86734,113394,44577,63306,63001
125,113587,113048,109355,95235,71818,68935,88433,30151,43751,69391,45803,35972,70565,85794,69511,37296,70673,101723,46631,37801,21324,28766,24585,43033,54800,76393,65264,71404,78959,62381,58271,61913,44572,68168,102200,91004,97098,44471,70612,69148,72677,61193,64355,61705,74922,51103,45205,44043,54191,55803,54738,60166,66231,70407,112662,98594,80780,43915,51022,46051,55619,51222,45704,59241,123113,83367,70139,88369,74088,62268,75144,59891,79689,64791,72234,102662,38462,54419,54105
126,118729,123937,116778,101577,69438,67200,85448,30231,42923,69283,46656,35832,73080,83138,72540,38653,70745,102785,47497,38075,22235,29527,25100,43748,52630,78587,67435,71126,79006,60855,58971,63926,44663,69302,105163,94523,103283,43906,70246,68413,76557,60240,63124,62106,72135,52195,44556,43604,54514,55427,52987,57716,62478,66705,113323,97555,80061,43191,50938,45680,54685,50023,44213,59567,132462,78859,66465,85681,69978,62455,75820,60541,78494,62547,71146,103993,38265,53854,54206
127,131468,141502,130436,114926,75272,71776,91535,33510,47034,76666,50904,37997,80662,89147,81081,44127,77823,112387,52838,41133,24796,32636,27987,46408,56241,88199,73569,76611,85611,64701,65271,72617,49840,76177,117246,105331,116151,48937,78602,75625,86470,66688,68562,69594,76821,58751,48722,47391,59240,61034,57525,61926,67907,71397,118074,103613,86147,47241,55200,49930,59248,54705,47862,65293,147415,83989,70843,92511,74631,68523,82698,66541,85244,67029,77542,114633,41728,58975,59797
128,145135,159547,144404,129377,84750,80976,100695,38348,53974,87693,56505,41793,88999,97812,91894,49608,86351,124499,59539,46752,28049,36527,31496,49902,61443,101103,80422,84490,95063,69964,74505,82534,56589,86067,132269,119545,132811,54953,88810,84738,98930,74674,77260,78592,86637,66863,54750,53445,66564,69304,64498,70256,76645,80109,124127,112604,93520,52985,60848,55753,66020,61380,54190,71936,163787,93143,78647,101641,81761,77307,92205,73963,95029,75141,87016,127325,47171,65407,66749
129,160859,175766,160428,145367,98204,93490,112900,45836,63524,102507,62790,46564,99738,111625,105340,55901,95339,138751,68846,54419,31556,41149,35596,51593,67591,118134,89313,94363,106754,76521,86626,95144,66004,99231,150312,135961,150736,64243,102368,98441,112062,87137,89312,89708,99242,76331,62521,62517,75929,79604,75138,81739,89122,92263,133037,124700,104623,60761,70385,64267,75524,70051,62575,81530,181627,105648,88602,115109,93291,88502,103627,84275,107748,86715,99169,142160,53748,75043,76903
130,182434,199587,184046,169695,119036,111408,134348,57513,78342,126710,72834,54029,116110,134111,123975,65187,109395,161180,82155,66304,37845,47796,41691,54901,79034,143919,102007,111916,125597,86742,104960,113858,79864,120116,175173,159258,177392,79754,125520,120349,130884,107481,107954,108079,120264,91893,77436,75639,91562,96567,92443,101065,110292,112983,143755,146260,123714,73580,84904,77914,91110,85251,76026,97425,207435,126062,107157,137042,111855,107188,123932,99503,128485,104947,119764,163173,65697,88625,91473
131,219392,236812,222210,207388,150738,140706,165782,75644,101404,162866,88488,66153,141208,169548,151103,80588,131844,198223,104630,84953,46389,58359,51713,61379,97248,185998,120194,139402,154861,102205,132214,144028,101517,151354,215069,197289,217020,102921,161554,154217,160925,140552,136627,135838,151246,116877,99125,97915,115202,123954,120537,130253,143508,145529,160704,176942,154082,93152,108671,98894,116990,107586,98558,122789,245299,157981,134986,170783,139070,134598,155754,124720,162986,133653,151541,193737,83699,112686,117561
132,276403,292786,280785,264000,198684,182686,214182,103152,135596,218565,111719,83970,175494,220338,187919,102712,164464,253440,136990,113514,60536,74108,65130,70855,123067,250277,145329,182205,195914,125415,173900,188275,133675,199403,272635,250183,274198,137871,215036,205238,207785,189711,180645,177026,200452,153470,131519,129633,150672,164078,163268,174584,193420,194453,187642,224259,198472,123115,139370,130297,153921,144142,133800,161759,303779,205454,177376,222232,180583,175244,201835,162041,213380,175241,195667,236110,110657,147743,156246
133,330188,342483,335859,317673,245574,224493,258961,131870,169487,275199,135583,101049,208301,270370,222546,124623,197483,308429,168475,142798,73274,89905,80313,79856,147689,314384,165301,227290,236729,146495,212965,232245,164426,244313,324933,298830,328136,174335,268335,254743,253506,238636,225578,221223,248024,190631,163523,161116,184290,202657,206936,217012,243461,242536,214266,269062,241739,153979,163456,162300,193885,181469,168378,200815,359956,252017,218004,271722,220557,213077,245413,198732,262117,216408,238504,275064,138791,184960,194985
134,342750,352131,348456,332507,259452,235635,270807,142109,183900,294987,143982,105699,220879,287153,239932,135013,208044,327798,181139,154716,79039,98023,85710,83026,154711,341043,169449,244169,252230,152827,227200,249141,175565,261116,344023,317531,350734,187145,288930,271487,271495,256442,241035,237279,262805,203056,173688,171816,196287,215312,221364,229121,258532,256311,223852,281073,256182,165459,164964,173197,206371,194375,180915,214710,379142,264641,226989,285711,229107,225870,259187,210291,276425,228026,250461,285223,148694,198185,208473
135,302879,318320,310504,299301,230127,206898,239182,125566,164404,266573,133645,93538,207003,254834,229951,125702,190698,298943,163676,138598,73715,91206,80249,78872,136313,312056,152011,220972,230778,136806,205862,230027,158308,235896,323536,299250,337545,167914,257402,241331,246829,228804,213665,214405,229912,186417,154296,151961,177653,193161,195074,198724,223052,220702,209717,252747,229175,146994,147557,155157,182534,172498,158132,191939,353092,228027,195189,252264,197650,202165,231283,189626,245138,196925,222863,263346,132864,178205,186833
136,270669,291780,279561,273734,205711,186290,214563,115185,149401,243617,128620,82980,204239,232459,225318,120649,180344,277132,151023,126773,71529,86591,76348,78906,123755,293754,140795,205049,216785,126716,193730,220364,145753,219489,320626,297253,337290,154951,236699,220785,229596,207899,191914,199092,203507,175422,139904,138693,167184,178746,175041,177134,194560,192858,197462,232867,207776,133755,140783,143514,162910,156051,140754,177084,333436,200459,171913,227534,174208,184576,213140,173826,224607,175763,203068,252403,120669,163164,170672
137,276823,291645,283431,278764,211624,195162,221074,121978,157688,256170,140643,83581,223298,241867,237828,129396,190990,289992,155576,135251,76651,91958,81965,85434,127126,319661,142298,221488,229390,130670,209304,236183,158638,231847,356011,332095,372451,166237,250422,231391,241377,219628,201053,210375,209327,192163,147349,148508,179895,189887,182974,183005,202357,197744,203756,245106,215031,139632,152729,153201,170875,164909,147473,186948,344989,204946,179042,239911,179966,196342,225993,184312,238992,185792,214126,264785,128809,170358,179429
138,310895,310118,314859,305857,243087,228686,251824,145353,184260,302546,168085,94429,259330,279814,265923,150960,219594,330297,173443,163652,90576,105951,96339,96306,144423,383405,154876,267480,265791,145767,250461,276275,189799,271914,419543,392103,432090,198906,294767,272048,278398,260518,235319,246201,242988,230182,172834,175456,211525,223224,215941,215053,237627,230360,223045,281629,246378,164244,182726,181731,198664,194865,175778,220836,384387,239164,210125,284008,211266,229263,265104,215837,282162,221392,250552,297906,151474,197128,210952
139,363857,342318,365362,348680,292545,278740,305782,185998,227435,375192,200931,111759,307339,338505,301383,176272,255176,384616,200202,204008,110119,125214,115015,105994,170792,468381,172339,329921,314323,168505,305863,333142,234692,331484,495851,465490,497274,250555,359500,334845,332065,321284,288942,299330,299442,281537,213042,216722,256550,273784,268761,264228,294777,282193,251497,340423,297641,204365,225786,229046,245135,242114,220317,271341,442269,293853,262049,346297,259474,277434,322684,261552,344133,276553,303692,338019,187165,240867,258174
140,424958,379931,425645,400042,353134,336059,363478,234171,279524,464026,227438,132917,355445,403746,334355,199976,285075,433887,229834,247395,131677,146066,134692,110791,199249,551612,191557,394233,361461,188657,366170,391478,284304,399890,570412,534371,558177,309833,431090,404892,390557,394895,349583,355588,361696,333720,261269,266586,305392,332253,329839,321672,361772,346007,289062,407604,357746,249511,269426,280373,301984,297196,274024,330015,503985,355763,321905,413378,315337,330444,385846,310763,411960,336697,363729,376984,228200,291346,314460
141,470834,410747,471440,441114,399446,374046,404436,272672,320738,533825,238675,148286,394932,456080,356881,215573,301388,468662,254178,279433,147450,161719,149197,112924,218997,604931,204636,440531,395066,202142,412257,437073,324357,449594,632484,587871,606475,358224,486120,460170,439177,454238,393957,393885,410023,371127,300794,304124,345186,378778,374008,363130,413817,396290,317169,460091,409188,285115,300317,320596,347475,340309,315487,376262,554311,403904,366221,466043,360333,370541,431772,350568,464098,382544,409329,402536,260559,332616,358521
142,482923,428756,483642,456579,414154,381342,415790,287081,334840,561410,240412,152805,417013,478418,370955,219614,301831,478817,264167,287432,154417,170198,152735,115765,222096,613354,210204,460262,406428,203205,428869,454910,336254,468455,670810,622566,637436,375153,506276,480847,461469,479114,405424,405132,421981,383450,315204,317670,361841,398107,389201,372925,428204,406962,329256,479052,428418,297744,309360,332582,364142,354592,327696,391036,579917,414569,375450,479872,371225,383109,446090,362489,480058,397716,424070,410097,270716,346286,376766
143,482601,443352,489398,466248,412366,373286,412730,288074,337333,564762,239178,150318,430720,483266,382595,218255,298506,475885,268965,287319,156811,174428,154134,119669,216831,606829,211635,463962,409034,200241,430866,459935,337054,472271,688609,639657,659234,379114,509566,482095,475048,482459,400927,405266,417230,387252,314872,318066,367189,400447,387458,369237,424057,402890,332634,483543,431456,300993,313669,333993,365477,355552,325824,394574,602511,408845,371168,475280,367756,382113,443338,361393,480883,392413,421708,411726,273215,345072,378338
144,491154,464006,502047,478466,413859,372388,412522,293581,343218,576094,243087,150362,447503,489977,398476,220673,298563,477453,272831,289377,160057,179842,157590,123449,216261,608808,211376,471652,410014,197938,437591,470136,342021,478162,700683,652031,677218,383735,518477,487691,493802,488866,404241,409810,418383,397334,317745,322081,372891,408406,391483,368136,424825,401537,337975,492915,441690,305595,315047,340254,371231,358397,329102,401209,632227,407080,371129,475300,366009,383547,442430,364699,485425,394114,426074,414784,276492,350059,384763
145,499236,478921,513036,492369,417714,376723,416986,303012,351747,593487,246682,153266,462122,499020,410403,223396,299749,479867,276265,297168,164208,185626,162497,126976,216629,612621,211941,478678,414170,198046,446416,480984,348393,490586,705392,662927,689443,394775,529071,496126,514321,497221,412820,421199,423890,408937,324763,328723,383358,418991,399044,372131,430789,409067,345513,505737,452270,312026,321922,350466,380599,367278,334421,410950,655923,409754,374542,479898,369805,385250,447319,366938,490536,400234,431920,420690,284897,361382,394487
146,495009,483279,515313,497790,416059,376652,414922,306090,354065,601047,250359,153315,473967,498074,422984,225530,303242,478244,275502,301908,166106,190566,167222,130377,213461,610656,208276,484548,415502,198178,452271,488818,352234,495876,706690,668205,699047,401492,532872,497440,523477,498738,414152,423994,423532,419094,327825,335112,392039,425922,401558,370241,428735,405484,351248,511439,458913,315616,327795,357549,381210,368470,335761,413890,674482,402863,371791,474126,364677,382168,445594,365295,489898,399604,431957,426300,288392,366143,398488
147,496454,489008,520538,506666,415590,380240,417891,309017,358590,610591,262322,153530,493054,505166,439394,232748,309154,486701,277543,312568,171436,196865,172423,136517,214452,619067,207530,499445,424522,200118,465606,501339,365277,507890,714605,679108,718455,409370,543470,505422,536912,502720,418892,433847,426214,436147,332535,341561,402668,436473,407067,372142,428190,408539,356408,522666,468122,325537,337978,367074,384087,371972,338898,421003,691445,400890,373822,475116,366041,385559,447673,366849,495405,407390,439128,443066,295204,372505,404789
148,510968,510393,539093,531178,428831,397958,431930,326853,375548,639501,282912,158523,524159,531952,465785,247300,327296,513506,287348,336757,181710,209394,182363,147397,225376,658558,213248,537144,449588,210237,496494,526467,394112,532388,734555,710444,750211,433842,574999,527213,563087,526392,440699,459041,444297,470026,348656,362201,424845,458307,426412,388614,448134,425070,369948,551113,489518,347537,361478,390198,401222,389479,356517,439839,721941,416912,389010,494430,381067,400150,468173,380746,517622,431419,461053,469080,311948,392570,427371
149,532052,529840,564524,560376,447032,419548,451265,349877,398015,681103,308382,166958,557629,566581,497469,261713,347144,542739,302449,369113,195381,223179,194318,157035,240620,711875,218742,580582,477528,222535,533662,555522,426266,568239,757447,740813,778638,463735,612496,558497,589834,559179,471007,487882,470702,509763,370315,386121,447829,484143,456932,412947,476407,451347,387214,586606,520557,374983,386672,417747,423218,413915,381602,466716,752407,440661,414583,520214,405240,420485,494636,402930,548339,461845,484850,493918,332197,414320,452376
150,556583,547764,593484,588076,470731,442643,476249,379991,424270,734001,327630,177759,593681,610677,528974,276326,364867,569619,320651,400772,210336,236381,204370,160971,257345,765795,225404,625103,502905,232111,573347,586670,459707,605916,783359,776432,809005,500181,654613,592624,615226,598418,505728,521834,504137,550533,397000,415956,475201,516982,493036,440403,514494,483743,407736,625820,555174,403128,419105,448364,453376,445104,411810,498336,781107,471673,448180,551554,432889,445560,527605,427578,582988,494481,512528,511648,356477,441558,481800
151,585799,565460,626819,617569,502305,473763,506232,422307,460468,798680,341432,189344,634558,659569,558479,288562,379206,594168,339734,436328,226883,252709,218083,164569,275331,820715,229391,673979,526033,242642,614305,625031,497602,652307,816912,816080,843942,546985,701971,636105,643797,646929,546079,558677,547031,595978,432657,452786,506823,557209,536375,476479,560302,524154,430793,672901,597821,437067,447538,485230,491585,482370,453141,539067,811141,507216,487744,586332,468494,474844,565510,457171,626784,537990,544589,527714,385373,473391,518542
152,609175,573407,648706,640667,526062,495581,530345,454147,488603,852844,350470,197950,666078,702204,585398,298546,385080,609073,355774,460491,239030,263411,226510,166354,289496,854546,231612,709172,542991,248999,648888,653455,527835,689466,848691,855786,877169,585923,739062,668198,665980,686233,579558,586645,581155,628588,464825,482532,533863,589859,571528,503546,598090,557797,450768,707221,632597,463660,465071,515136,524192,513322,484142,568884,833464,535154,518141,615257,497821,500144,594867,481704,661037,572352,572908,539587,409490,499425,546525
153,596030,549436,634187,624746,522719,489123,524117,453370,489019,855982,349915,195482,681828,717857,604111,299134,382239,606123,354177,460532,243653,264684,226303,168526,287779,845297,224036,711566,540730,246028,653210,654126,529332,689158,855119,868078,888425,590296,738219,664603,659149,685653,576439,581464,576617,632958,465771,482689,537025,593244,570928,500276,596548,552953,451047,708395,634234,465289,464344,514881,524115,512010,483176,568515,821354,530712,518586,611304,495627,497402,594272,482106,662390,571407,571790,536065,406951,495755,546447
154,565015,509868,601543,585953,503380,470511,506270,436927,471263,827581,351090,186460,683818,716053,618299,297062,380207,595225,346902,452222,240872,261047,222623,171713,278054,824667,213444,694745,530797,237057,637379,640338,518194,669590,849772,865669,892669,569247,716494,644389,636428,664985,553673,563949,551391,619554,448468,466976,522310,575245,553154,481692,575172,528984,437666,687663,609939,450347,456716,500038,503574,492833,462357,547292,793561,508917,494078,589311,475535,484982,577488,466863,642273,548406,553347,521287,393847,476404,526965
155,562113,492371,597762,573284,502475,473759,505464,438267,474556,834935,373177,185990,706401,727301,648355,307604,394567,612400,350303,466570,248848,265965,227335,181453,284166,849653,210506,710312,541642,241458,648224,651007,526576,677937,869982,890324,918974,573371,724236,649241,639818,669691,559061,571103,551789,635577,452881,468964,530593,582255,561030,484263,578968,528877,436866,691638,609695,455413,466182,506080,500945,496731,463946,552463,797246,509366,493073,593570,472247,489160,586978,475364,650214,547473,555367,525919,398548,477140,528819
156,584007,496141,620782,583510,521495,498513,528987,464554,497935,882089,405917,192676,746645,754999,686776,328481,421923,648472,367641,506816,267263,280962,242380,194304,299879,910330,214499,758401,572362,253576,686304,685539,560512,714584,916215,943291,967053,606101,762151,681280,670818,702963,590924,603070,578472,681119,474156,495756,561161,615134,597679,509433,611552,556577,452059,727764,635446,481604,501388,539767,524909,523833,491159,584076,832052,528048,514662,622673,493155,515983,619007,501982,688390,573328,583729,545554,420720,500033,555976
157,631792,520855,668828,619934,560069,542296,574189,511938,541118,963432,443489,207311,801509,794377,728818,355277,460625,703928,397200,564615,295039,303654,264877,208520,328404,994652,225475,836067,618566,274907,752104,746176,619619,781840,988233,1019942,1040581,667989,835182,742737,729703,767176,647355,660198,633377,752066,519921,545334,613189,673034,659207,557336,667988,601910,484222,795399,687663,530082,557063,599496,572639,578432,541040,641633,899660,572769,560844,676316,533491,560361,676527,549068,752662,631348,635913,581363,461732,545427,607485
158,695979,563270,736667,674959,609505,597792,629590,574091,598678,1066557,481995,228398,867076,850639,777878,388072,499302,766001,433293,636351,327983,333652,291891,226125,359579,1089648,239926,933208,677275,300605,836416,819755,693086,864869,1069555,1110245,1123889,745245,928478,823142,806014,847117,722123,730382,701780,839695,580078,610573,677536,747100,732206,613457,739052,669225,529665,879791,759911,594254,623648,672606,637635,645105,608408,711785,984791,632559,622232,743413,590851,616508,748410,605650,832167,709430,701420,629571,515116,604441,673569
159,759058,608197,805451,734506,658972,651608,683025,632055,655678,1174030,515987,251179,925064,905106,822772,416291,534243,826030,467563,702432,358896,362537,317399,240125,390475,1175195,251980,1026849,734037,325953,920110,889997,772963,947386,1143899,1190508,1194152,826333,1015437,898465,878591,929460,792691,798728,772407,918552,638990,673543,737446,817710,804875,672634,813893,737325,577979,964306,837855,661306,685235,747918,705230,712496,674541,779837,1066651,697376,689955,813565,651165,669677,816228,660619,907561,789159,768061,676905,566055,664889,742093
160,806681,639462,852895,778223,695532,683893,718662,677963,697128,1253174,538021,266597,967989,951506,851212,437792,557990,864321,494233,753459,381266,383660,334252,251618,410888,1231690,259940,1097872,776594,342558,983155,941510,832763,1009274,1202374,1254605,1248390,886417,1081261,958381,934256,989211,840904,846906,820388,970374,685970,722605,781801,872758,854418,714768,864296,786169,613993,1030157,898722,713622,734290,805367,754901,762200,724959,829991,1124835,747372,743031,867406,699726,709185,865016,699730,958710,847744,815269,705138,608004,712632,794471
161,832279,658396,882419,803143,716042,705464,738905,705728,724504,1307469,556169,275593,1007238,987438,878941,457201,573425,895378,514887,788291,400715,401332,348081,261347,422958,1269590,263669,1153773,808771,352182,1031051,978817,875305,1053189,1247126,1309801,1296798,927217,1127868,995295,973638,1031567,871329,876964,848108,1008177,718484,753719,815676,910026,890274,742087,899071,819126,636714,1074921,936421,749700,773613,848768,787366,794197,758117,862427,1166869,776765,777126,903864,729469,737466,898731,732394,997978,885643,847530,724080,636803,742781,833369
162,866378,676999,917294,829946,744873,733960,771853,737633,753905,1369579,595665,286110,1061333,1031302,922290,485117,605181,943338,540599,834894,423167,424447,365654,279016,442879,1338259,271895,1226664,852674,368560,1088762,1034312,927430,1106021,1313668,1381141,1363517,968528,1189385,1046303,1025079,1083222,908073,919676,878583,1057007,750589,790481,857696,952317,935488,775701,936705,852226,664426,1128255,978623,791771,822086,892870,820623,831596,793417,900425,1219885,809107,811760,952704,758414,772383,944457,773224,1052014,919775,887057,747434,671945,777454,875369
163,936670,731708,998436,894557,798418,795538,831601,799592,812332,1487143,679028,304440,1149390,1108209,995965,543087,676768,1053269,590721,933189,470176,467887,402858,315386,488240,1494617,295611,1368894,939239,403412,1195048,1133018,1024992,1206026,1400595,1484766,1461279,1043972,1306896,1141009,1123136,1179788,989979,1005354,949126,1167989,811782,856398,931828,1036910,1025443,846149,1018901,922740,711308,1233333,1054541,872876,911458,981111,884480,903726,860991,979900,1331280,873868,876239,1038377,816636,841603,1035047,848366,1154245,994253,967365,806664,738585,846614,955287
164,1056227,820919,1127935,999613,882772,889751,925559,891349,902040,1662652,804206,340034,1268412,1215181,1104925,623414,781410,1212842,665289,1091745,536142,533239,460527,370416,556675,1719444,331920,1581246,1076539,459472,1357105,1282002,1174916,1361653,1508324,1606167,1578269,1166367,1484603,1283322,1266762,1317606,1117726,1143573,1063615,1334140,907784,962315,1049585,1163377,1167314,958078,1143506,1041377,786069,1388882,1180094,997566,1029983,1120311,984599,1025276,973765,1102986,1503918,983387,981997,1175042,917384,949176,1172460,958219,1306162,1120950,1087759,903258,836847,954187,1074678
165,1150473,895568,1233551,1089344,951491,968493,1007548,972973,980996,1809967,889320,369964,1353631,1295890,1188580,679854,858738,1326464,724898,1234676,589407,587619,507898,410580,607886,1859917,358069,1753306,1184449,503740,1491800,1398836,1304485,1493255,1557890,1662463,1639536,1269014,1631054,1399520,1387271,1433418,1225971,1250523,1165730,1467140,991126,1056884,1147356,1276077,1286093,1048974,1249025,1139525,857749,1528075,1296274,1109492,1129497,1246886,1077796,1128013,1074273,1211930,1652297,1075239,1071446,1281288,999731,1026477,1281813,1044562,1424535,1233948,1191217,990264,923722,1048014,1177977
166,1172773,917458,1256074,1117518,968246,990340,1032913,1008762,1006370,1870433,878692,381971,1356159,1302291,1200175,669794,857525,1327031,736051,1288503,602890,600079,519362,409410,610765,1822933,358361,1785621,1194918,509656,1525307,1415887,1345294,1528874,1505240,1609781,1587697,1312871,1667534,1428600,1421942,1463818,1254232,1271811,1194983,1489228,1024626,1097723,1180494,1321435,1321600,1070170,1284076,1172869,889166,1583495,1345315,1154606,1163857,1298032,1119778,1168308,1112582,1249108,1703263,1101931,1101308,1299053,1025667,1034993,1297403,1054506,1447154,1281820,1222632,1013107,950001,1079746,1206821
167,1147517,905033,1225694,1101398,951164,972489,1016257,1008270,999749,1855761,808122,382486,1300895,1263677,1165038,625050,807507,1248463,713224,1268625,583779,582198,505048,381506,581315,1687731,341785,1728323,1146561,494757,1490206,1368646,1324030,1499805,1394749,1494462,1471682,1311711,1637231,1400553,1393022,1441102,1232641,1230577,1185950,1442166,1021185,1094703,1166990,1313758,1294434,1045414,1267125,1160377,892415,1571658,1350188,1150306,1152758,1292913,1121261,1163590,1109386,1237822,1674840,1086899,1090529,1257408,1016242,996656,1260958,1014909,1402436,1285918,1203053,991712,937305,1062100,1188719
168,1088627,867732,1161760,1057877,910617,927296,972566,979949,965788,1802394,727109,370164,1221950,1200967,1101964,567745,738823,1146615,674282,1209086,552146,552369,477833,344602,544134,1527698,317980,1631564,1068902,467513,1424687,1289276,1277115,1431964,1259101,1351555,1332890,1276714,1561492,1337522,1333655,1384185,1179327,1159383,1137271,1363184,991811,1064799,1122332,1273633,1232304,992848,1213287,1115972,873418,1523758,1317860,1113857,1114874,1246915,1094716,1120612,1074452,1190948,1607787,1047578,1064848,1197413,985884,937317,1189634,951604,1327990,1254080,1156780,952621,893353,1015116,1136907
169,1022991,821335,1087113,1007660,865958,873375,923474,942537,924303,1722915,649182,353172,1143199,1138754,1047181,511962,671905,1046730,632161,1139587,522864,521766,446259,315254,500519,1377529,289849,1524628,988032,436300,1344601,1207651,1220034,1354101,1125457,1207277,1197435,1232398,1474134,1262908,1265144,1314142,1110963,1080876,1082952,1271843,955977,1024656,1069943,1224187,1158362,936121,1153321,1061709,847170,1462605,1275067,1073151,1066345,1193819,1055037,1066986,1030001,1129973,1531673,1006841,1028613,1131750,952408,871510,1110888,883831,1239620,1202289,1097430,904435,848888,960186,1075553
170,945332,767092,1008846,942702,811457,812609,865914,892206,872848,1634885,578918,332000,1061165,1070261,989378,459090,605245,946760,584925,1059831,484612,489425,414559,287180,456507,1228033,261565,1406650,903661,399906,1251367,1113992,1144882,1264322,991432,1058585,1056526,1166089,1374104,1174927,1180319,1229613,1028456,991367,1009500,1169242,908236,964915,1007467,1155628,1075222,868272,1080136,994213,808397,1376810,1212884,1014850,1004626,1124630,998610,999762,970180,1063069,1442130,954128,980403,1055032,906665,799799,1021451,808294,1143646,1131130,1024096,849546,791527,894509,1003845
171,870980,711960,932123,877618,756170,756570,806245,840227,816604,1540253,524245,311112,982045,1001143,930799,414334,546642,853714,540167,990278,449317,454863,381583,263853,414723,1099593,235769,1292226,824488,369667,1159181,1022599,1069285,1172736,862676,923124,929042,1091392,1274864,1086622,1096835,1139602,949785,909546,938651,1075655,853645,906120,941059,1084935,999347,804262,1007702,929931,767345,1294593,1144789,958976,943416,1058098,937734,932800,907771,990095,1349021,893047,926852,978638,855468,732712,940759,737225,1051854,1061866,950340,793186,735023,831533,932954
172,811511,666270,867088,822931,708140,708939,758076,792724,769875,1457211,487253,294405,906511,937594,872590,379305,507435,786193,503644,941040,419529,429479,356948,247023,384179,1003448,218360,1204806,766478,344915,1083894,942784,1007364,1095644,752697,801401,819365,1030119,1194498,1010798,1030078,1062478,887123,841287,879849,1003574,805127,852782,884333,1020306,937340,753132,948389,876460,731521,1231163,1088493,911404,906707,1003115,884496,876844,857588,929152,1274721,841124,878050,911541,809171,674849,871519,677198,968220,1001580,888578,751267,690369,779308,871209
173,775417,641434,832973,796869,679755,682945,729719,770951,742083,1414720,471498,288182,855049,896112,846314,359680,488059,751211,482518,937316,406797,419874,344976,240236,369441,948265,205625,1159034,735104,331805,1041447,895900,978868,1052420,671360,707602,738415,997433,1152372,966659,992717,1010434,856933,806665,850909,968835,780806,829501,853736,990764,907268,724522,920347,849753,719475,1201032,1063736,899855,888305,982952,860783,849859,837498,899121,1245460,816839,854042,871307,787925,639407,831767,639346,920706,973797,854505,734557,668048,753332,836366
174,749279,626866,806422,775634,657034,662861,708592,753427,722319,1383524,461628,286293,813244,862782,825220,340558,474696,729136,464529,938757,394940,410844,335154,234000,359220,910611,198397,1128365,711839,324405,1005611,855948,959520,1017936,599334,628033,662289,971226,1119371,925297,962739,973668,832719,777968,831674,943884,764611,810290,828633,966778,887861,706178,901753,832047,710607,1184185,1050163,896658,878150,968561,843262,831041,822118,875195,1224044,796946,838235,837539,773065,609376,801565,607202,877449,957715,830914,727332,647231,729996,805301
175,726916,612234,782182,762226,637418,646672,692519,736233,703684,1352172,446200,284026,768725,828516,801405,322454,460331,709521,446307,945623,382960,402148,327450,226761,351018,880569,190938,1097004,689458,317321,973736,817319,941552,987584,533523,555235,595036,951746,1085016,889793,930417,935828,812788,752235,815263,916639,747209,795955,806867,947458,867422,687323,884238,819604,706009,1168434,1037832,892888,864940,955947,829230,816882,810699,856032,1202621,783117,824199,803660,760332,582208,773787,576671,837087,945823,808988,720771,631393,709513,777217
176,693264,591645,751828,737532,609262,621009,663680,713555,678854,1308210,420625,277756,716607,785001,764537,299208,438890,674112,421797,928144,366826,383949,311458,212845,338012,829962,181781,1047263,655912,304607,923593,767495,908389,942779,472126,487957,529743,922080,1036397,840145,887755,888768,783355,713953,792703,875471,725344,770736,773954,913289,836562,661279,856306,796225,687557,1134275,1014404,869055,830243,922226,807673,787765,789100,823561,1162993,755964,800660,760352,738352,545641,732780,538409,784497,921690,775744,699007,604233,678636,739121
177,647757,555784,704682,699392,569338,583012,621421,679483,639430,1235315,381233,264556,656288,729990,719029,268928,402932,616862,389228,875545,341188,356711,288075,191379,315369,758231,166821,969033,601672,284732,855714,702381,849774,874775,410771,419120,461626,874006,960956,775726,821918,822520,734325,661919,750052,811395,684015,727886,722221,855893,783636,620441,810928,752039,654366,1071750,963357,820090,774482,864492,763251,739784,747034,770961,1088923,712632,757900,701901,697047,501714,679499,492484,717365,875666,722269,657787,561851,632712,685480
178,592824,513395,649566,649223,522266,533652,570178,633730,592191,1149147,336108,245910,596965,673792,669916,238836,358730,549401,352722,802221,311749,323641,260118,168158,288576,677996,151190,877173,539656,259069,777719,632024,775695,790601,354279,359315,398360,812594,873302,703147,746037,746632,674125,600964,695500,736463,637146,673591,658593,789112,721853,570004,752509,698501,611543,989530,897111,753519,706088,794452,705682,679826,692365,710260,998502,657561,707184,632452,645423,454147,619692,442859,646220,817498,659030,602507,513260,579659,623492
179,534804,469268,592669,596480,473234,483359,515915,583817,539526,1055216,290507,223241,537200,614204,622736,207698,314100,480426,317866,719362,280208,291879,233112,144194,259865,592897,133648,781759,478427,232844,696386,560108,699687,708848,301924,305845,341589,745997,784411,628427,669106,668202,613045,536594,637729,656344,585025,612466,595627,712443,654906,515059,688366,639493,564188,900257,823842,683289,636597,716369,643476,614051,634618,638716,902776,599418,652649,567199,591833,405917,556432,391798,574993,747278,591298,543777,462722,524203,560494
180,480613,424661,536223,544101,427207,436094,465394,534670,491358,965030,252179,202505,487951,564267,582345,180176,274339,417244,283864,643489,251318,262917,206583,124902,230775,516954,118841,694397,421146,207982,619443,496321,626658,631704,259776,261500,294227,680481,701014,560950,598201,597710,553203,478277,579679,586291,537644,559219,534884,641835,591244,466005,625984,581815,519454,816558,752449,617101,570865,644340,584156,554856,577054,576358,812946,543964,599015,508400,540906,362520,501478,347488,507131,682456,530742,490166,415661,472764,504095
181,430142,382980,482106,494721,386896,393402,419211,485589,445338,879386,217642,183567,437652,511498,529341,157562,238584,362644,253354,578421,225619,236562,185122,110637,205263,450347,104434,615663,373862,186746,553700,436871,562200,563977,221229,223399,252900,618450,628349,499355,536148,532497,496969,427099,526951,522322,487569,503536,478634,579460,530425,416656,566133,526790,476228,739621,687692,557108,515034,581968,528397,498171,522876,516023,733211,492117,546559,452476,491643,321879,448477,305925,446402,617421,473345,441105,370719,424502,450416
182,386728,347479,438370,450499,351552,356431,381007,446393,406338,807486,194066,167892,399905,470125,492138,140564,213092,320308,227673,526814,204219,215551,165779,98473,184164,397265,93819,553898,335005,167851,497116,390468,509089,508207,191535,192051,219680,566007,566743,447755,483937,478297,451916,382507,480581,466997,447096,457519,434014,526067,481130,377320,515195,479375,439849,676401,632860,509566,468350,528773,482927,451548,477038,468702,668935,448212,504054,407784,450534,289891,403489,273070,398693,563488,428941,403456,335869,384620,407884
183,351430,317452,398830,415719,321142,325448,348837,412459,371152,746476,175595,154875,367229,431477,461288,125745,192515,288036,208725,487783,186458,198521,150962,89284,167102,354186,85421,501548,305453,154245,452220,352362,466851,462038,168014,168076,193247,521441,516732,405531,442461,431251,410671,349170,440437,427041,413435,420354,394029,481353,439459,344436,474281,441894,410606,624536,582647,471612,433463,488909,444096,413146,437950,428325,616680,412054,464591,370570,415446,262095,366076,246643,357699,519089,387224,372066,304818,351304,369898
184,324106,292795,369662,385715,297406,301247,324850,385055,346420,698391,162408,145139,339481,401869,433753,115052,177537,264470,192031,460397,173682,185085,139568,82496,154597,320480,78165,464544,282855,142672,415464,320981,430512,425284,148789,146895,171952,485783,476384,369784,407117,396628,381971,321815,410343,393930,386489,388706,364420,446081,408289,318814,439713,411556,387180,583664,546768,442995,406989,457703,414856,382429,410235,396240,573846,381672,433230,338632,387919,241349,338639,224549,326087,484200,358140,349502,280476,324094,340890
185,302387,276164,347911,364151,278708,283404,304687,364054,325150,661947,151841,139484,316187,377506,410419,107092,165886,246117,179390,442018,163184,175147,130604,77562,146346,297960,73689,434899,265423,136218,386388,298721,404538,397545,133860,131881,155260,457608,446228,343435,380375,367414,361440,301694,388989,368630,364266,368344,342144,418709,386050,300986,416535,388643,370767,554274,519556,423925,385130,432211,392061,360713,388998,370730,545105,359704,412158,314901,365850,224852,318187,208434,300845,456192,335256,333840,263723,304854,318832
186,286544,261552,328591,347704,261923,267320,288453,346269,307105,629839,143481,133605,295213,352815,386580,100397,156137,232730,168760,425240,154743,165092,123080,72312,138535,278139,69230,412571,251020,129122,360408,277496,382010,372380,120196,119340,139082,434710,419241,319918,357321,343902,341275,285350,371487,346378,346045,348319,321773,394702,366318,284242,396250,371369,356245,525126,495201,403593,365269,413594,373877,342229,371180,351335,520702,344624,392171,295479,348437,208597,299748,195054,278571,436161,314552,319259,247123,288372,299590
187,270057,249031,313810,330969,247181,251237,269652,330632,290200,598957,133128,128180,273660,329489,364326,92743,145674,216521,157907,408675,145328,156969,115830,66838,131581,260587,65718,388168,235119,122437,336743,257656,359941,349596,108579,107344,125135,415366,394081,299023,333668,319268,323634,268369,353800,323444,332088,330911,303587,372572,347159,267921,376223,352351,339410,500128,472467,385075,345507,393133,354527,322884,353969,332419,493494,326700,374592,275713,331973,195749,280659,180622,258926,413500,295355,303597,232857,272525,281332
188,253733,236556,300063,316441,230711,235277,251844,312991,272974,568367,122322,122118,256382,308984,344416,85845,134679,199781,147839,387075,136041,146385,106763,60512,124116,240531,60780,362770,219632,115223,312572,239038,337905,326178,99796,98068,113049,391625,367073,277295,311802,296645,305249,250559,334327,302064,316630,311745,284304,350348,325666,251965,354806,333758,322735,471256,445186,363813,323508,370212,335698,304245,337297,311150,466081,307732,356167,255540,313179,183118,262581,168365,237747,392327,273498,286834,218230,255664,262043
189,235789,219979,280022,296793,212740,215516,230729,292947,252966,532415,110238,113650,237915,287173,323254,78877,122584,179384,135678,357107,125407,135190,97220,54027,114867,219534,56376,333042,200271,106625,286633,216954,309518,297768,88932,87512,101055,366614,337152,254546,286799,270694,282311,230532,312429,276765,296423,290093,261146,321611,301323,232399,328612,310840,302819,435112,415226,337028,296730,341506,311817,281157,314474,286544,432047,285221,335004,234961,292629,167843,242502,154121,215625,363863,249709,265218,200709,237157,243540
190,216656,202602,261014,276613,194338,195836,211502,271090,230715,493687,97971,104047,218100,262394,301801,70742,109192,159747,124536,325039,113840,123934,88427,47807,104104,195733,50496,301657,181167,96861,258919,195430,280451,269763,79306,78421,90095,337022,306944,230121,259821,244535,258736,210082,286986,248471,275734,267242,238436,293922,274870,212108,301915,284989,281829,397644,383197,307323,269669,312957,286887,255722,290702,261654,395319,261468,311019,213229,268459,153363,221996,139787,194299,334287,226493,241787,182236,217190,221956
191,196841,185001,237527,251815,175580,177822,190573,248044,210253,452906,86985,94334,201856,241596,280395,62977,96323,140466,112064,292251,102457,111789,78929,42055,93567,173220,45706,271187,161777,87148,232682,174931,251253,241118,70415,69141,79330,307700,275949,205914,234574,218702,232462,189266,262348,221648,251239,241427,214571,264803,247150,190875,273962,258284,258899,361122,350647,276445,242016,281737,258775,231515,263952,236633,358654,236252,285475,192820,244335,139290,200815,125282,174009,303879,202297,218607,164912,197239,200888
192,178525,168303,215273,229917,159393,159455,172031,225934,190797,412203,76731,85907,187048,220204,260007,56494,85836,124092,101439,262594,92019,101697,70666,37551,83629,152718,41011,242725,144925,78415,208090,155159,225938,217418,61935,62184,70900,279306,249977,185252,210851,196774,211890,170962,237137,198204,231170,219003,194433,238787,223000,172482,246120,233395,238298,329200,318443,250906,219057,253720,234944,208076,239763,212841,325287,213479,260382,173156,221630,125633,181246,112643,156533,274483,182157,197562,149134,177457,181822
193,161017,152651,196826,210322,145494,144032,155584,206014,173426,378853,68459,77801,172256,202359,242434,51125,77164,110122,91756,237779,83319,93064,64442,33764,75800,136154,37131,218845,131374,70948,187053,139916,203185,196047,55874,55316,63518,254505,225586,167103,190277,176785,191762,154379,216481,178509,210697,198782,175955,216070,201072,155421,223994,211665,220202,300150,290567,227327,201732,231511,212713,188469,218318,191638,294572,194382,238041,155408,200872,113338,165229,101886,139256,249979,163401,180216,133818,162635,164624
194,147495,140045,181576,193196,132784,131841,142746,188924,157500,350948,63254,71275,161321,187682,228034,47031,69984,99616,84577,218842,74951,85534,57772,31034,68665,122688,34040,198983,119796,65532,170645,126795,185569,177887,50911,49852,57017,233587,206663,151990,175125,160763,175725,140537,198653,161385,194227,181392,160912,198677,182955,141083,203828,193306,205477,277894,268114,209102,184343,213574,194913,171680,200843,175993,272820,178228,219412,141706,184937,103690,150861,93111,127543,227637,149472,166885,122889,148615,150959
195,136052,130094,168540,180020,122764,122320,132422,176734,147039,327295,58345,67189,152511,174953,216811,43610,64552,91454,78123,205346,69188,80026,53991,28946,63913,112503,31320,185141,111755,60887,157859,117388,171316,165918,46200,45969,52614,216930,190882,140591,161052,147626,163019,130454,184392,149176,181560,169398,148747,182639,169197,129948,189043,178264,193568,258403,249879,195908,173315,199142,181759,159489,186950,163408,254300,165001,203460,130707,171508,95752,140242,86280,117021,212174,137180,155387,113393,137999,140331
196,126672,121539,158262,169195,114299,113663,123605,165008,136951,308521,54683,63172,144475,163608,205903,41232,60726,85461,73246,193435,64632,74447,50795,27095,59461,105070,29499,171636,105015,57642,145975,109209,160418,154542,43116,42517,48633,203286,178526,131174,151113,137636,152444,122262,174493,139024,172088,157942,139269,171158,159402,120860,174840,168082,184766,244138,234996,184005,163348,187203,171076,149393,176931,151942,240612,153354,191903,122100,161071,89989,131610,80752,109147,199405,127482,147074,106030,128971,130960
197,120479,115820,150213,160811,107827,106068,115652,156867,128997,292507,52056,60194,135179,152429,190524,39090,56885,80910,69357,184403,60978,71320,47783,25146,56238,99413,27819,162931,98758,55153,138800,101907,151313,145106,39899,40188,45360,193377,168800,122706,142990,129474,145042,116490,165031,131478,163655,149680,132275,161962,150794,113626,165662,156895,176641,231128,222602,175334,155336,179340,161638,141379,167021,143641,228470,144873,183011,112992,151796,84459,124776,76823,102899,188270,120216,140264,100771,121720,124345
198,114643,110366,144517,153737,101990,100054,108135,149059,121394,278640,49555,57936,126900,142063,179623,37444,53717,76107,66002,175361,57663,67929,45394,23659,53661,93879,26571,153017,94141,51670,130416,96616,143292,136855,37931,37274,43096,184156,159303,115793,135179,121239,138370,110379,156422,124296,155495,142517,124561,152898,141092,106675,156190,149477,170397,219180,211125,166609,147083,170497,153732,134246,160026,136674,217325,137487,175396,106818,144608,80059,118255,71961,97170,178663,112291,133048,95145,115956,118306
199,108493,104727,137544,146655,95511,93047,100933,140462,114250,263791,47204,55388,119729,132977,169496,35590,50486,71356,62618,165485,53990,64218,42385,22095,50971,88869,24881,144958,87820,48895,123010,90338,134464,128915,35816,35447,40494,173429,150859,109673,126912,114141,130217,104584,148708,116953,146843,135238,117835,144100,133307,100367,146227,140208,161798,207072,200168,156829,138615,160854,145615,127682,152224,128820,205451,129079,165890,99924,135481,75541,112141,67793,91723,167540,104662,125684,89568,109687,112004
200,102364,98453,131038,138199,88842,86201,94448,131717,105712,248168,44042,51669,113402,124807,160528,33181,47505,65778,58992,154541,50099,60810,39456,20375,47858,83310,23324,135199,81697,46301,114046,84221,124895,120872,33104,32579,37437,163145,141102,101997,118479,106214,121571,97931,140452,109755,140194,125418,110329,133908,124944,92741,136154,131181,152991,193208,186492,147057,129645,149604,136431,118986,143103,120239,192743,120535,155915,93191,126737,71105,105223,64264,85293,157643,97271,116779,83602,103097,104824
201,95641,91911,121907,129425,82379,79302,86600,123270,98334,231512,39922,47392,106388,115310,149426,31065,43458,60493,54890,142374,46059,56260,36022,18809,44535,76855,21699,124692,75763,42796,105677,76985,116100,110673,30561,29996,34072,150985,130540,94628,109485,97676,114178,91261,130392,100991,131156,116828,102006,123336,114775,85420,125483,120977,143982,179017,174388,135540,118506,138202,126096,109821,133327,111550,178204,111099,146249,86122,117598,66699,97550,59054,79583,145388,89362,109537,77813,95284,97431
202,87842,84574,113017,119003,75096,72238,78915,112897,90061,214089,36650,43714,99423,106269,139932,28885,39838,54942,50369,129041,42013,51683,33464,17279,40675,70333,19828,113434,68828,39302,95804,70143,105176,101811,28032,27681,31298,138792,119974,85487,99738,89065,104432,83625,119791,91807,121164,107565,93516,112196,103665,77568,114408,109595,134299,164996,160322,123293,107426,126248,115703,100328,122654,101372,164240,101161,133982,77710,107609,60745,90400,54167,73327,133158,80985,99852,71610,87605,89658
203,81234,77590,103757,109385,69354,65449,71684,103026,81741,196654,33754,39782,92340,98128,129450,26320,36551,50240,46543,117432,38068,47555,30526,16087,37192,64027,18097,102730,63277,36179,87219,64868,95669,92165,25699,25377,28656,127932,109385,78518,91349,81053,95422,76085,109927,84131,111489,97660,85423,102751,95343,70567,103696,100238,124326,151831,147368,112327,98069,115119,104774,91507,112199,93473,150035,92371,122831,71520,97286,55997,82657,49781,66561,121619,73958,91682,65049,80307,81837
204,74574,71696,95519,101073,63047,60146,65736,94516,75032,181088,31014,36515,87048,90481,122360,24217,33450,45639,42711,107830,34724,43810,27683,14895,33468,58995,16642,94292,58016,33395,79595,59237,86686,84267,23624,23214,26555,116326,100640,72018,83923,74668,88188,70052,101403,76357,101757,89599,77695,93971,86431,64168,93686,90710,117583,140731,135372,102657,90180,105520,95702,83802,103423,85794,137909,84307,113385,64853,89068,51469,76705,45366,61414,110259,67569,84416,59318,73148,75044
205,68260,66024,88289,93387,58064,54721,60259,86187,67984,167935,28831,33540,81223,83118,114181,22683,31081,42137,39577,99109,31660,40478,25313,13914,31033,53684,15309,86204,53409,31014,73411,54080,79741,77904,21813,21486,24508,106556,92412,66487,77756,68323,80016,64586,93278,70767,94491,82171,71640,86198,78168,58349,85949,83422,109800,129586,125132,94796,83928,97360,88571,76686,95689,78097,128327,77418,104072,59481,82654,47388,70290,42398,56491,101895,61614,77925,55255,66928,69405
206,63274,61729,82733,87219,53812,51035,56672,81082,63728,156529,27091,31603,76482,76815,105624,21360,29430,39406,36722,92508,29640,37824,23731,13165,28808,49955,14311,80745,50134,28895,68331,50158,74591,72747,20172,19763,23014,98924,85678,61534,72447,63206,74963,60031,87192,65329,87889,76051,66319,79938,72829,53367,79527,77275,104628,121303,116774,88579,77622,90175,82494,71353,88652,72492,119273,71870,96973,55115,76598,44389,65476,39580,52265,95655,57212,73356,50654,62313,64341
207,59714,57592,77542,81645,50644,47744,52604,75470,59165,146971,25814,29606,71309,71471,98601,20537,27427,37195,34310,87249,27288,35886,22306,12661,27514,47303,13524,75700,47103,27306,63949,47055,69972,67971,18720,18631,21646,92687,80549,57631,68061,59187,70736,56735,81662,61174,82626,71500,62211,74652,67682,50141,73644,71754,99631,115355,109651,83185,72903,85137,76753,66724,82477,67195,112699,66908,91556,51484,71594,41294,61536,37082,49101,87849,53626,69033,48039,58575,60392
208,56975,55388,73503,77714,47366,44467,48869,71258,55147,139997,24220,28070,66647,66641,92384,19102,26358,35392,32489,82276,25595,33579,20913,11636,25623,44601,12806,71561,44825,26124,60339,44013,66078,64053,18077,17434,20570,88339,75462,53764,63598,55074,67111,53195,77124,57961,78257,67236,58496,70330,63303,46671,68786,66750,95640,108473,103259,78514,69225,79976,72475,62666,78881,63733,105955,63094,86827,48209,67359,38829,58299,35079,46450,82669,50048,65538,44790,54699,56433
209,53433,51877,70314,73319,44413,41781,45552,67249,52407,131806,22724,26756,62108,62351,85567,18184,24994,32739,30691,77745,24107,32038,19896,11310,24266,42185,12101,67347,42488,25004,55897,41234,62152,60401,16693,16480,19055,82816,71774,50911,59941,51906,63191,50710,72815,53626,73884,63248,55134,65883,59808,43635,63999,63022,91441,102666,97793,73858,65464,75565,68215,58811,74667,59945,100026,59159,82051,45066,63325,36689,54677,32706,43026,78613,46774,62483,42655,51600,53054
210,51065,49317,67190,69852,41388,38599,42807,63318,49124,124409,21564,25305,58395,57362,79807,17466,23301,31189,29342,73107,22395,29866,18255,10543,23223,39878,11399,63093,40049,23448,52757,38770,58405,56071,15708,15482,18206,78575,67548,47221,56535,48344,59338,47932,68829,50437,70029,59481,51665,61659,55570,41080,60291,58500,87445,96994,91706,69343,60929,70651,64155,55701,70451,56407,94700,55790,77961,42393,59395,34319,51635,30455,40383,73312,43914,59376,39848,48752,49696
211,47995,46545,63093,65552,38768,35995,39394,58602,45050,116624,19947,23787,54218,53242,74876,16353,21885,29218,27297,67962,20805,27773,17026,9816,21802,37415,10724,58535,37531,21785,49159,36217,54225,52223,14492,14162,16458,72912,62252,44165,51884,45255,55605,44366,63979,46923,65930,55211,48826,57893,51502,37475,56133,54640,83524,91115,86121,64841,56482,65485,59516,51691,65430,52311,88735,51794,72932,39357,55332,32069,48285,28835,37474,67977,40663,55791,37063,45121,46335
212,44338,42732,58207,60922,35573,33213,36290,54580,42133,108544,18287,21470,50228,49024,69574,15426,20444,26759,25341,62500,19498,26332,15682,9099,19963,34079,9978,53858,34444,20526,45121,32935,49649,47749,13185,12909,15482,67127,57881,40498,48441,41183,51194,41102,59637,43143,61039,50914,44131,52838,46903,34744,51095,49795,78295,84726,79924,59585,51590,60392,54614,47599,60595,48831,82355,47666,67757,36258,51225,29593,44646,26339,34534,62805,37721,52067,34100,41432,42790
213,40758,39106,53726,55983,33139,30243,33515,49747,37954,100596,16766,19646,46783,44639,64187,14161,18772,24378,23344,57335,17718,23955,14300,8515,18487,30959,9202,49080,31813,18759,41249,30212,45538,43449,12192,11886,13852,61083,52760,37016,44298,38102,46653,38027,54833,39373,56197,46576,40271,47889,43080,31173,46156,45640,73576,78245,73313,54607,47534,54793,50413,42900,55618,43894,75664,43562,62051,33221,46748,27409,40843,24305,31851,57296,33827,47431,31501,38141,39384
214,37564,35920,49607,50846,29563,27421,30706,45447,34447,91173,15253,18259,43017,41367,59083,12813,17382,22442,21276,51941,15931,21913,13131,7792,17009,27867,8522,44756,28914,17117,37794,27495,41350,39594,11114,10818,12794,55940,48400,33689,41036,34495,43492,34608,50335,35186,51490,42688,36630,43713,39176,28034,42009,41831,69747,71944,67226,49305,42942,49908,45785,39120,50509,40036,69362,39905,56527,30285,42802,24760,37674,22085,28904,52165,30932,43514,28719,34486,35632
215,34371,33768,45385,46957,27459,24997,28251,42159,31945,84427,14131,16830,40347,37855,54138,11934,16264,20761,19591,48188,14548,20356,12079,7437,15564,26263,7709,41433,27186,16023,34442,25340,37858,36494,10020,9975,11993,51096,44501,31002,37645,31502,39651,31888,45840,32580,47056,39150,33564,40187,35620,25815,38670,37723,65497,67658,62100,45404,39563,45804,41810,36043,46510,36704,64183,36569,52110,27552,39162,23194,35043,20388,27076,46966,28452,40295,26334,31782,32873
216,31544,30776,41588,43565,25299,23368,25759,38655,29193,78780,13105,15713,37022,34601,50297,11350,15030,19337,18055,44175,13557,18655,11069,7028,14339,24274,7330,38253,25254,14894,31740,22842,34803,33636,9444,9091,10729,47363,41262,28910,34382,28472,36490,29629,42716,29828,43540,35601,30746,36681,32713,23716,34960,34847,62053,62880,57433,41537,36502,42321,38377,33079,43007,33427,58782,33524,48691,25644,36183,21032,32197,18319,24203,43644,26108,37415,24387,29049,30026
217,29521,28412,38628,40424,23428,21663,23640,35671,26920,73027,12350,14667,34030,32289,46291,10602,14463,18031,16891,41563,12232,17632,10259,6727,13666,22765,6816,35343,23847,14248,29254,21442,32298,31017,8778,8218,10153,44035,37907,26254,32468,26610,33853,27227,39224,27394,40251,33566,28404,33984,29730,21687,32313,32025,59986,58346,53318,38866,33997,39064,36090,30871,39856,31457,55432,30605,45507,23862,33006,19542,30131,17289,22665,40230,24214,34935,22679,27022,28235
218,27909,26925,36785,37959,22114,19961,22346,33471,25151,68692,11738,13558,31434,29426,42619,10109,13812,17256,15734,39149,11802,16700,9442,6354,12545,20899,6427,33405,22586,13596,27687,19908,30371,28800,7869,7762,9451,41494,35641,24668,30050,24699,31960,25674,36844,25541,38016,30864,26569,31888,27991,20183,30052,29872,57365,55323,50028,36617,31701,36429,33503,28868,37464,29613,52556,29165,41967,21843,31227,18002,28132,16180,21173,37781,22543,33585,20826,25609,26251
219,26500,25515,34651,36059,20536,18888,21288,31485,23829,65256,11291,13150,29518,27681,39846,9750,13252,16560,14946,37273,10916,15725,9032,6000,11749,19967,6382,31630,21524,12980,25852,18866,28496,26952,7489,7316,8988,38439,33477,23153,28733,23304,30231,24371,34930,23922,35726,29258,25254,29558,25527,18989,28292,28362,54998,52739,47322,33805,30211,34478,31350,26950,35248,27941,49837,27374,39772,20941,29394,17084,26202,15129,19921,35561,21066,31849,19712,23664,24400
220,24893,24340,33491,34074,19478,17709,19318,29516,22079,61791,10670,12353,27296,25501,37137,9234,12652,15496,14180,34349,10269,14744,8523,5662,11144,19184,5813,29626,20373,12473,24263,17660,26408,25800,7025,7177,8500,36298,31485,21669,27233,21586,28048,23185,33125,22620,33815,27252,23018,27964,24339,17580,26293,26243,52933,50249,44866,32212,28051,31957,29552,24963,33017,25882,47691,25420,37851,19250,27296,15926,24923,14282,18911,33222,19783,31228,18538,22146,22976
221,24162,23292,31342,32370,18019,16369,18686,27930,20968,57921,10056,11760,25620,23655,34715,8776,12148,14672,13139,32657,9570,14037,7989,5308,10864,17826,5636,27794,19375,11595,22443,16480,24665,24051,6596,6567,8376,33870,29516,20484,25970,20430,26533,21632,31014,20915,31633,25511,21963,26013,22598,16311,23936,24228,50946,47244,41728,29867,25996,29656,27909,23684,31018,24368,45290,23898,35593,18361,26033,15273,23707,13440,17733,30823,18679,30072,17542,20816,21451
222,22366,21705,29606,30176,16848,15022,17089,26021,18965,53645,9444,10892,23531,21934,32045,8352,11300,13761,12487,30270,9128,12866,7461,4969,10034,16498,5489,25975,18005,10799,20781,15347,23119,22121,6200,5857,7742,31145,27546,18518,23900,18851,24587,20312,28431,19103,29518,23431,19978,23808,20990,15088,22471,22472,48725,44510,38827,27385,24153,27521,25399,21616,28870,22573,42893,22089,33062,17117,24006,14140,21634,12217,16197,28342,17189,27689,16104,19245,19719
223,20648,20268,27424,27924,15472,14168,15620,24050,17728,50101,8551,10029,21570,19950,29899,7800,10377,12803,11511,28035,8213,11963,6906,4763,9124,15333,5012,23467,16960,10369,18992,14012,20821,20080,5707,5196,7113,28869,25132,17016,22630,17071,22886,18334,26280,17586,26830,21698,18458,21853,19122,13879,20426,20648,46236,41816,36090,25184,22275,25655,23424,19929,26762,20813,39474,20347,30397,15681,22265,13077,20364,11494,14862,25854,15930,26087,15010,17847,18151
224,18873,18430,24931,25593,14442,12957,14570,21968,16402,46252,8107,9243,20232,18601,27480,7248,9979,12017,10525,25815,7677,10957,6243,4503,8621,14184,4681,21939,15729,9703,17666,13132,19255,18465,5181,3857,6928,26432,23034,15948,21450,15720,21087,16998,24296,16263,24993,20130,17010,20309,17363,12567,18967,18874,44523,39474,33261,23236,20693,23628,21521,18240,24858,19255,37041,18946,28314,14366,20110,11878,18733,10533,13575,23804,14536,24298,13742,16513,16654
225,17534,17137,23066,23340,13041,11667,12998,20362,14677,42511,7523,8465,18482,17008,25439,6883,9221,11212,9602,23702,6945,10208,5853,4142,8013,13366,4276,20384,14963,8784,15857,11841,17919,16625,4944,2871,6177,24085,21116,14488,20427,14338,19797,16003,22413,14810,23156,18333,15521,18420,15848,11409,17008,16985,41835,36481,30644,21213,18966,21342,20019,16557,22616,17776,34181,16717,25635,13093,18456,10882,16916,9705,12560,21473,13101,22228,12420,14876,15109
