length,EE87811,EE87812,EE87813,EE87815,EE87816,EE87817,EE87818,EE87819,EE87820,EE87821,EE87822,EE87823,EE87824,EE87825,EE87826,EE87827,EE87828,EE87829,EE87830,EE87831,EE87832,EE87833,EE87834,EE87835,EE87836,EE87837,EE87838,EE87839,EE87840,EE87841,EE87842,EE87843,EE87844,EE87845,EE87846,EE87847,EE87848,EE87849,EE87850,EE87851,EE87852,EE87853,EE87854,EE87855,EE87856,EE87857,EE87858,EE87859,EE87860,EE87861,EE87862,EE87863,EE87864
96,2015,178,428,2578,2591,3345,2522,5459,2390,3392,2790,2788,3191,3501,1956,2481,2184,2707,757,2562,2703,2135,2047,1602,1218,5076,2382,2425,2491,4029,2331,1962,1435,2490,1860,2011,2830,2470,2108,2685,4657,2192,1774,880,2284,1774,1279,1881,1808,1354,3384,8640,1644
97,2014,342,472,2639,2611,3261,2451,5473,2380,3450,2782,2768,3205,3291,1895,2423,2281,2673,756,2597,2754,1963,2209,1624,1380,5006,2215,2730,2326,4163,2330,2099,1427,2373,1808,1932,2869,2708,2117,3002,4576,2147,1873,983,2490,1733,1280,2046,1879,1383,3367,8844,1761
98,2448,431,2099,2732,2741,3671,2557,5864,2635,3636,3070,2987,3488,4006,1989,2604,2629,2815,1102,2648,3154,2171,2231,1808,1372,5367,2394,2878,2557,5060,2855,2193,1477,2566,1857,1986,3335,2952,2244,3305,5443,2384,2107,1031,2584,1775,1488,2126,1749,1354,3490,9216,1795
99,13502,7436,7961,16554,26542,24257,21966,52450,20804,30773,21855,23266,27751,29852,12979,17594,17386,11570,7326,13895,22118,11949,15479,5836,4824,38199,17630,17626,14424,38910,12297,9850,4837,13082,8387,6024,13936,15049,9653,16822,21376,11597,9000,2531,10101,8243,3571,6232,4898,3694,16170,19129,9083
100,15793,9100,8916,20394,32946,27801,25892,64197,24636,35582,25668,27870,33231,35908,15376,20998,20625,13418,8960,16425,26411,14151,18605,6608,5287,46118,21931,19945,17468,46747,14165,11352,5450,15700,9726,6563,15849,17921,11140,19728,24100,13521,9926,2844,11375,9511,3970,7069,5727,4156,19604,21461,10712
101,17944,9441,9532,22570,37753,30390,28759,76484,27860,41195,28086,31846,36336,39589,16699,23282,22775,15286,12987,18208,30221,15883,20683,6944,5592,54222,23997,21835,19727,53210,15986,12787,6235,17735,10920,7610,17749,20484,11771,22216,26797,14813,10450,2829,12056,10276,4179,7556,6534,4452,21653,23983,12189
102,19210,11192,9936,23309,40007,31374,30329,85542,29200,44021,30549,34071,37034,41641,17349,24549,23684,16207,13582,19231,33410,17300,22056,7306,6111,60840,25349,23147,20441,58668,16613,13618,6425,18387,11651,7918,18645,21722,12394,23538,27905,15587,10905,3141,13442,10824,4320,8059,6544,4745,23217,25903,13130
103,19542,11513,10432,23412,39576,32696,30437,86920,29394,45265,31339,35183,37325,42400,17784,24500,24126,16764,13871,19766,34954,17561,22410,7740,6226,62718,24982,23968,21002,60607,17151,14262,6899,19296,11754,8048,19577,22506,12865,24720,29158,15728,11575,3147,13968,10808,4628,8916,6692,4922,23997,27172,13907
104,19507,11781,10544,22812,37027,32763,29842,82396,28861,44456,31263,33508,36212,41929,17805,23912,23917,16875,14197,19674,35057,17594,22299,8095,6576,61979,24350,23488,20539,58191,17945,14135,7076,19530,11827,8399,19975,22402,13167,25921,30637,16253,12057,3559,14017,10922,5042,9380,7145,5340,24140,27793,13973
105,19913,12312,10642,22067,35385,32089,28847,79286,28147,45412,31325,33065,35023,41213,17816,22849,23527,16555,14423,19520,35229,17887,22198,8229,6581,62254,23981,23371,20674,57373,17626,14251,7226,19455,12033,8442,19972,22170,13647,25027,30973,16411,12006,3628,14453,11542,5051,9519,7254,5443,24545,28042,13692
106,21283,13325,11510,23250,36663,34763,30813,83355,30317,49953,34060,35990,37092,43324,19453,23886,25567,17653,15501,21136,38033,18970,23214,9074,7214,67075,25233,24451,22597,62235,18600,15250,8020,20964,13157,9287,20709,23762,14224,26437,32741,17512,13135,3658,15421,12052,5383,10016,8037,5699,26456,30085,14870
107,23691,14792,13025,26353,40680,37999,33200,90615,33362,55933,37556,40441,40406,48213,22009,26931,27988,19663,17714,24119,41675,21687,26066,9674,7790,74149,28053,27323,25679,68420,21037,17144,9184,23449,14849,10828,22964,26619,15872,29452,36662,19715,14578,4054,16984,13471,5902,11061,8696,6524,29581,32634,16765
108,26942,16212,13902,29985,45671,41306,36898,99226,37008,60901,40966,45028,44831,53716,24059,30769,31021,23107,19357,27937,46027,23936,28457,10762,8683,81905,31782,29319,29141,76244,23715,19002,10006,26024,16657,11653,25527,30356,17435,32617,40115,22078,15664,4520,18801,15318,6787,12418,9704,7265,32134,35945,18700
109,31794,17862,16362,36354,54997,47342,42341,109311,42092,66491,46430,51848,52151,62099,27570,36637,36538,27131,22746,32569,50715,26627,33115,11884,9880,89889,37275,33554,33816,83862,28228,22577,11833,30621,19493,13037,30421,36016,20018,38915,46882,25377,18406,5311,21106,18345,7885,14253,10838,8435,36532,38950,21336
110,38191,21077,19339,45244,67372,55814,49290,125468,49325,74733,52925,61274,64498,75323,31864,45137,44235,33189,27260,39740,57608,30643,39380,13686,11524,101186,45103,37980,41215,97216,35266,27120,13772,36687,23655,15153,36939,44107,24039,47917,56540,30760,21373,6220,24494,22343,8925,16586,12646,10100,42350,43805,25402
111,45148,23447,22005,54327,78409,63478,55283,143254,55985,83724,58156,68224,74230,87881,36625,52156,50852,39109,30432,45657,64041,34310,44269,15080,13002,112687,51450,42544,47154,107898,40593,30609,15806,42386,27011,16669,42811,51422,27356,55705,65102,36279,24133,6984,27683,26107,9987,18519,14561,11517,48187,47778,28871
112,46651,24252,22678,56137,79435,64975,56443,143740,56360,86250,59472,68154,74456,89621,36900,53252,51606,40578,31193,46879,65077,34445,45596,15828,13420,115343,51218,42024,49064,107531,42246,31744,16558,44316,27792,18345,44975,54007,28514,58272,67503,37351,24958,7635,28990,26984,10658,19446,15308,12181,50395,50820,30159
113,42378,22285,20546,48997,68812,57851,49809,127974,50064,80336,54485,59937,64598,80293,33199,46197,46033,36488,28895,42048,60317,31814,41479,14917,12314,107549,46234,38037,44500,97362,38665,28728,15611,40756,25165,16945,41327,49297,26614,52846,62822,33957,23235,7207,28282,25173,10323,18235,14788,11910,47102,50094,27655
114,39212,21204,20004,44433,60875,53526,45977,115857,45180,76001,51904,54450,56882,73237,30521,41012,42137,34825,27665,39283,57162,29933,38923,14731,12776,102512,42550,35312,41192,90373,36152,27096,15455,39153,23877,16923,39876,45692,25028,48804,59723,31775,22203,7426,27869,23500,10863,18485,15059,11859,44949,50017,26218
115,39902,21634,20118,44030,59748,53544,46429,113213,44714,77995,52816,54261,56488,73258,30581,40372,41555,35878,28642,39823,58035,31236,38893,15363,13139,104047,42371,35502,42241,92105,37285,27150,16278,39439,23976,17943,40701,47058,25691,49665,61092,31849,22979,7611,28801,24050,11169,19228,15443,12489,45561,52035,27376
116,42876,23052,21550,46994,63551,57960,48997,118538,47535,86381,56837,58364,59666,78282,32703,42845,44333,38823,31296,43538,62712,33403,41403,16438,14329,112029,45989,37800,46020,99255,39782,30047,17674,43397,26116,19412,44967,50774,27396,54240,65843,34956,24549,8391,31422,25946,11942,21554,16774,13247,50009,57378,29927
117,47540,25613,24106,51431,68800,63694,53165,126739,52351,94801,62073,64231,64731,86412,35741,47200,48904,42975,35483,48321,68819,36441,45704,18648,15573,120355,49271,41377,51840,107880,44687,32681,19994,47887,29043,21902,49858,56205,30285,60377,73385,39231,27452,9162,35223,28980,13234,23487,18707,15035,55646,62594,32828
118,53248,28819,26818,58099,75835,69607,57935,133561,57743,102643,67640,69956,71767,95298,40042,52876,55062,49136,39876,54677,73329,39839,49848,20365,17399,126868,54575,46465,58036,115529,50228,36916,22639,53938,32776,24942,56469,62993,34531,67841,82153,44304,30700,10267,38794,32801,15241,25843,20169,17099,62657,67686,36147
119,61265,33133,31437,69367,86788,78841,65052,145832,64818,110629,75566,76330,83324,109269,46561,62548,63770,57666,46440,63487,79251,43619,55963,23031,19750,134218,62885,52890,67117,126216,58491,42945,26189,62305,38267,28469,65544,73396,39925,80360,95438,52070,35439,12217,44934,38406,17588,28737,22716,20404,69886,74201,40967
120,75663,40921,39026,87411,106126,98828,77291,174546,78055,126990,89194,89182,104872,133849,56950,77901,78287,72627,56131,78669,90426,50942,67597,26386,23579,154338,77877,65763,82243,147650,72176,52001,32153,76822,47378,33890,81501,89407,49790,102432,118847,65700,43209,14655,53841,46948,20931,33816,26298,24716,83422,85304,49318
121,96266,52712,52133,114412,135326,129758,97355,221247,98443,153614,110829,111079,135854,170238,74026,99609,100633,97230,71459,100689,110659,62647,86244,32311,29917,187734,100004,85644,106675,186208,92189,66549,41427,99767,61236,42792,107395,113929,64190,136146,154730,86472,56173,19227,68495,59744,26343,42068,31108,32237,105147,104152,63488
122,113006,62788,62198,135025,157241,152965,111670,254611,113764,173121,127110,126372,158749,198556,87483,117425,116303,116183,84014,117723,125042,72060,100788,37039,34297,214693,116683,100209,125197,214795,107715,78296,49433,118525,73573,50574,128844,133368,76604,162419,182874,103668,66737,23044,80440,70448,30080,48216,35610,38542,123986,121026,74535
123,110499,61821,61777,132258,151201,149346,108850,243494,110974,170902,124062,123129,151979,191803,85260,113879,112992,116103,83209,114653,123596,71073,98098,37634,34837,209915,113519,97044,123158,207382,106957,77334,49517,118893,72917,50030,127468,131880,76643,159675,181339,102749,66287,23761,80751,70176,31158,49406,36682,39749,123947,123264,74082
124,89893,50630,50211,102944,120142,118541,88424,199104,89138,148363,103186,100944,117542,154680,67207,88757,89504,94250,68220,93182,104231,59670,78959,33080,30073,180410,90344,77189,99422,169552,88095,63334,41927,97438,59832,43988,105041,107338,62769,127516,148219,82771,54379,21248,68340,58353,28171,45507,33540,34448,105072,111093,61953
125,75263,40910,40315,81619,96875,97616,72976,172457,73657,134870,89102,84402,92211,129224,53899,69548,73312,77538,57688,77006,91585,51653,64214,30543,27127,164820,73618,63427,82930,144525,74515,52275,36575,81501,49371,38927,89618,89903,52499,103460,124494,66897,45100,18589,60768,49332,25853,43108,31944,29993,92638,106521,53663
126,73789,38896,38886,75949,92661,95192,70619,173412,70886,139320,88982,81500,85423,125066,50665,64029,69769,75243,56613,74725,92610,51068,63022,31775,27346,168847,71472,61924,81566,144432,73111,50407,36809,81060,48109,40210,89228,86812,51889,100400,122085,64339,43461,18606,61345,48287,27073,46644,32469,30340,93222,109890,53328
127,77819,41478,42428,81291,98535,103834,76330,189522,75634,152795,95992,86775,91240,134122,54444,67035,73848,81971,61331,80833,100237,54814,67682,35191,30037,185667,78026,68255,89529,157793,78329,53996,40406,88333,52893,44863,98224,92689,56699,108654,132117,70194,46370,20344,68578,52088,29965,51541,35006,33210,101892,120057,58612
128,86093,46156,47463,89193,108164,115803,83109,211683,83087,169912,106617,96457,99763,147798,60642,73573,81725,91667,69455,88570,110766,60009,74949,39678,33405,205492,86909,77886,100985,175429,87223,59506,46278,99472,59135,51308,110171,102651,64008,120309,146689,77901,51542,22491,76788,57893,33694,58634,38259,37808,113528,132841,65027
129,96909,53153,55254,101928,120140,131537,93199,235932,92831,187336,118645,108541,112201,165252,69909,83499,92796,105622,78969,101573,123577,67582,85024,45026,38776,229112,99173,90915,114534,198646,98600,67006,52833,112659,68248,58616,126554,116452,71913,136826,167655,90012,59634,26173,88120,66416,38945,67351,43238,42785,127677,147431,73498
130,114468,65804,68416,123529,142341,158774,109871,275401,109663,211846,139946,126720,135790,194507,84967,100788,111110,129408,94273,121291,144113,79445,101950,53211,45720,259863,119381,113303,138912,236734,118196,80741,63621,135111,82229,70263,151400,138609,87501,165302,202718,110662,72076,31553,105169,79113,45034,78860,49032,51450,150793,169579,86804
131,143009,86090,89202,156170,175269,204372,137635,339024,134731,250410,174353,153557,172364,240662,109034,127897,141672,167615,121145,153804,175612,97359,128643,64728,56072,310027,148995,149939,175205,293551,147563,102259,80426,172256,103211,87785,195045,173089,113081,211322,260075,144328,92960,39022,133148,99098,54910,94586,59398,64774,187454,205238,109742
132,183139,118971,121764,206541,224689,272542,178692,421597,173275,303676,225217,192893,229794,309554,145005,169033,186640,223486,158316,200990,219902,124205,169740,80830,72456,376815,191030,204431,229221,372522,192218,134570,106399,225541,137547,113216,259909,225332,152967,281753,348599,194350,125348,50960,174806,127882,69010,116244,73168,84459,239917,254629,142308
133,223763,153108,154677,256261,270175,340005,220252,486201,212740,349629,274675,228608,285265,375180,179946,208330,230731,278367,195736,248801,261314,149115,207833,97195,87563,432833,232345,252730,281166,441816,237713,165458,132642,279433,171539,137664,323744,275610,192733,349981,435158,244381,159180,64289,215686,156868,83286,137231,87043,105718,292045,300769,172557
134,234455,163571,164885,269002,280481,363012,232154,489044,223844,365463,290848,237846,298721,397713,188573,217488,241548,295483,207850,261891,273522,157909,218683,105904,94864,442198,242278,268151,297393,456139,252539,174559,141847,298588,181948,147374,348832,290920,205314,368584,461240,259237,169227,70223,231340,168142,90425,149218,96306,116164,307641,317905,184947
135,206678,138201,142039,227090,242696,324256,206371,443166,196763,344842,259239,211348,254068,355970,162114,181265,208784,259965,183209,228942,250294,140948,192380,100647,88250,415323,209890,237610,261971,408616,224883,152703,128912,267557,161355,137493,315522,256605,180071,319572,403569,227154,144518,65498,213344,150275,86382,146836,94266,106983,281006,299806,166611
136,186432,120990,124916,196036,213125,300199,188806,429786,178486,340521,241869,193868,221950,327835,144395,153774,188284,234002,167766,203997,238511,132091,173776,97969,84101,410760,189137,220841,239826,379229,203686,136808,118511,244264,145847,132006,291427,230983,160372,281927,360248,200154,128205,60592,204611,137048,83001,145416,92435,98237,264770,298612,154820
137,193508,129057,129922,201190,215960,322971,200510,467012,186232,368991,260652,204504,228815,347600,154543,156187,198500,244831,182289,213800,258271,140913,181815,103842,91099,451451,194735,238104,253499,402082,213297,145381,127400,255662,153173,145151,309844,244295,167530,289033,374010,207773,134662,64459,224403,143262,88143,156678,98302,103741,284305,329512,165640
138,223747,159119,155581,234710,243903,386175,237059,537765,216546,421047,308594,235896,270448,405658,186769,184268,235817,285832,222217,252003,300288,164014,212173,117942,107342,517811,223301,286485,298454,461727,247689,170588,150887,299658,181360,172323,366070,286734,197399,336686,439302,246788,163845,74841,268116,165559,100770,174893,109999,119326,336725,381165,193881
139,268787,207831,198409,292461,290538,467314,289465,616885,260467,473288,376060,279373,336679,486926,234644,229945,293126,352027,275257,311477,354401,195986,259594,137137,128608,587096,270108,354317,364416,546063,302747,209759,184698,362481,223636,207640,448886,349733,244588,410094,541248,306594,210841,90305,328847,200115,119215,199231,125390,144873,403375,443677,232434
140,317949,264899,247259,361848,343624,542745,348795,684743,307257,508172,446143,325761,413065,565511,288075,285685,353682,431580,328251,381350,408075,230255,316459,160491,150514,644089,326577,430146,435728,633173,365643,255984,224201,428470,273701,239129,536932,423450,300339,490319,662168,375733,267096,109961,393040,243601,139445,225246,142599,173212,472638,500204,273741
141,355681,310642,286965,418638,385324,591818,393094,742743,343097,521872,498436,359738,470608,624793,329060,329121,398274,495652,370033,431740,447786,255609,362439,177403,167389,686118,369421,489352,485582,698430,415586,292162,256015,476330,311370,264612,607103,484705,346942,547475,756557,432715,312181,125168,444690,278292,156363,247763,157315,196314,529417,547084,306568
142,368172,326965,302102,435994,396523,601494,408515,778324,353654,522394,519155,369703,483491,639407,339462,343020,412306,524688,388551,446056,463392,264957,376345,189120,175931,710203,381944,514974,497695,719730,437725,303773,267662,491961,325606,277780,635310,510306,363961,560267,789745,455106,326890,133200,467721,292179,165703,264339,169657,208233,557819,578314,321021
143,370814,325345,301382,433942,392460,599021,409349,793305,354314,524535,524554,368916,475402,641224,337030,340403,410897,529134,392685,444128,467993,266929,377523,197403,181627,727769,381439,520387,492665,716059,442660,304719,271358,491013,328519,286280,641119,516316,363963,545203,788860,456225,327151,137265,474506,295122,173869,282780,181384,213484,570314,599375,323547
144,376519,328746,304021,430353,392396,602776,415382,791914,358069,528180,533268,370354,475757,647831,336690,338724,416767,535297,397803,449443,475853,270144,379484,211561,189599,742540,387981,524272,492828,717650,450780,307812,277380,492236,333945,293102,644586,523695,364694,538869,793398,459998,331489,143409,485505,302303,185566,309360,197960,220827,580963,614752,325303
145,380369,335835,308116,432390,394738,611855,424350,779372,364170,532108,544218,376151,478642,656500,339518,339725,423005,539458,401144,455244,485082,276452,383221,231356,197836,756762,402621,524591,495283,718172,461180,313079,284270,496895,344278,301592,651179,528766,366884,537983,800042,463174,335680,151470,498517,312364,197014,342711,215578,229301,589800,624121,328658
146,379443,333318,306430,421176,389969,615883,425385,764540,365954,541596,547992,379821,476094,659052,341771,335214,426876,531334,403467,459291,491422,281169,380926,255795,205751,776536,417585,514626,492676,715528,462136,313908,288047,497535,352885,309050,648974,524951,363472,529682,798283,460450,335036,156203,507399,317091,208676,385215,235315,236125,591691,631810,326845
147,381798,341188,310689,416658,385901,628301,433164,772002,373927,563137,562121,390741,478998,669596,353572,336556,438258,531905,417123,467156,504792,289757,382263,286459,218408,811653,437439,516630,498521,721450,467929,316490,296575,503926,367728,325744,647710,527144,367503,530086,803674,462505,339991,163093,523381,325964,221405,432747,256358,245439,603833,651544,328794
148,403131,368120,329735,434827,398361,661240,455215,803433,397784,595774,596108,416156,502555,701222,381035,357121,468784,551019,454491,492785,530026,308005,397988,326084,236605,856053,468249,538126,523965,748088,489978,336791,314580,529677,398781,353387,662413,552545,388245,554240,847270,487035,365697,174884,556271,345907,238971,487624,285998,262852,637427,681861,342875
149,430279,405505,359403,464821,414079,703985,482694,841394,423359,618650,643087,445812,535711,735180,416180,387787,505574,582354,494463,529059,556810,331035,420407,364041,257675,896173,500108,574183,557358,781979,522418,362728,336103,564300,432779,381300,685947,581493,418215,591841,904634,523129,400031,191076,596128,371561,260146,544265,320995,284015,673945,717315,358886
150,461522,451806,394449,501869,437080,745638,516394,887626,449950,626238,691398,476279,571418,766772,451689,421551,545170,621654,532788,566453,581106,354326,449570,395978,282675,925447,524647,616252,594086,822031,557324,392255,359519,603416,471278,409535,714593,617082,452673,634352,977173,565196,442102,211209,642722,404676,282141,594852,368506,304984,712657,752952,377300
151,494740,502636,435948,549041,464875,787966,554585,936320,481667,629870,745989,510946,616882,802324,488010,461458,585875,670900,574339,614407,612645,377976,486231,423888,308258,960373,545144,665706,636802,869236,601425,426307,388349,645009,512927,437295,751367,664510,492809,680610,1056485,613785,493555,233427,696963,444435,308440,640940,428396,327604,757790,795037,400671
152,518803,549931,471654,588289,485905,822842,583008,976721,503909,628711,790381,540331,649690,830804,517148,494547,615295,711720,607673,649219,634798,398763,516007,446886,333980,989398,557888,704112,669319,907584,636150,454213,412465,673649,546153,462743,780644,706401,529293,712814,1120342,654525,536757,258266,740521,485629,336281,678505,496518,353077,799571,840382,419249
153,524807,555673,475139,592239,482432,822137,584306,986830,502059,627356,798768,548463,645815,831084,516289,496452,616874,715863,616425,648237,635460,405912,514791,457735,352954,1001871,545515,704430,663740,903351,641454,455685,415946,671808,553096,476190,781271,711880,534125,705672,1123140,658935,543722,274005,756417,506021,358109,692788,563200,364750,809252,863460,421441
154,513019,533303,462151,568871,463769,813085,566744,976977,487498,631042,788041,541573,613693,813684,499856,474439,601986,693187,608261,623625,625984,404844,496609,461584,367446,1009573,517207,680972,638723,877647,627178,441421,403973,651873,537743,480008,760586,694326,516437,677620,1089398,638584,521010,282645,751547,511852,373730,696217,617581,368395,800485,874306,413136
155,522910,532472,467111,565473,463723,843151,576803,988615,493847,656076,803643,551404,614005,831109,508147,472883,614445,693088,623769,627045,639276,418694,498061,470564,390074,1041937,510060,684194,646286,881040,633643,442718,408313,659766,545632,500233,772882,699710,517851,679662,1097411,642433,518946,296106,775120,529724,394427,700180,661212,380596,815230,906842,420515
156,548342,561632,495991,587097,481129,910152,612639,1025018,522248,694089,855769,581615,646605,880044,542540,495691,653153,719761,667162,661833,676255,447489,522787,484846,425755,1094952,524072,716021,684453,920300,665967,466707,432852,696043,576373,535758,816867,732640,544393,718515,1160150,675756,544876,318815,823826,562328,422451,710463,695678,405898,862417,958617,444086
157,597352,623326,548975,637162,516894,1001364,673025,1082058,570176,744711,941173,628407,708560,957765,602296,545297,717635,775741,738941,727667,735876,491533,569537,501574,463939,1172317,556354,778132,752440,993552,727315,511470,475687,758571,629806,584048,890082,795511,600219,789722,1276800,743219,602996,342118,894680,606286,452287,719937,719808,441343,941701,1031662,485166
158,655827,708180,621527,708468,563567,1099540,747895,1150615,631469,797923,1042265,687861,789922,1051959,679708,615279,801025,851565,831803,817174,805144,546872,631264,525220,510444,1255830,603193,859157,834496,1085036,805761,570800,532496,834818,698447,642764,983945,877641,673312,876978,1426442,831402,683936,374352,980730,664901,489757,741787,752520,488665,1038759,1119082,534782
159,715747,803282,695017,789269,611449,1185712,820690,1209989,693774,840399,1143274,745505,876268,1142279,760570,693312,885098,928920,927530,908243,869571,599738,691760,548096,550288,1331516,652955,939668,911781,1170410,883435,630834,586952,911912,768782,697053,1071675,963192,750806,964582,1582007,922523,777545,405949,1060497,723696,527238,762408,783598,536561,1139047,1197880,585501
160,761547,878032,751147,854255,645484,1246853,873484,1247826,735670,872766,1217860,785212,935730,1214174,820671,756522,946506,993342,1002142,979398,914172,636239,739930,566769,581799,1387596,692836,1003936,968764,1231499,946814,675865,629746,964796,821530,739311,1141932,1035414,812728,1026472,1699992,992605,850187,427688,1120373,773556,555586,783522,817174,572640,1219410,1263243,625870
161,793734,927996,792304,896180,667553,1301863,914807,1274161,765553,901837,1270647,813632,976151,1281785,863323,799106,989976,1042938,1067578,1020839,950071,663148,772499,580439,612908,1441417,716647,1054361,1004568,1273504,992468,701965,657963,1003248,858563,772957,1205755,1087864,854360,1062351,1785760,1046111,896651,448835,1173316,810013,581750,801781,856594,602095,1288787,1328982,662634
162,832763,975127,837162,943574,695888,1393919,967521,1303293,802158,959015,1339909,847080,1021538,1377659,907519,837236,1041418,1094183,1147801,1069259,1000438,699063,807810,601326,653919,1512609,743650,1106994,1055150,1328290,1047578,730678,693499,1056556,901198,815170,1289909,1156013,897884,1113594,1880176,1102238,937294,471912,1239377,848552,616303,830682,895359,640136,1372926,1413308,707710
163,909712,1069620,916821,1029052,753578,1562299,1065899,1349230,873939,1069785,1464655,914728,1112546,1544368,999382,916012,1151620,1181276,1288981,1162908,1093891,759957,872647,632348,719195,1600317,791277,1191144,1154418,1424011,1142768,790340,755712,1162377,983368,888458,1424198,1266798,980576,1222097,2063855,1209782,1019486,504983,1350395,914098,662394,872805,942737,698702,1512408,1531912,779607
164,1027290,1215292,1042464,1154893,843736,1784090,1216195,1397290,993387,1233138,1648713,1023474,1258786,1766884,1150978,1043909,1328910,1309868,1501563,1315225,1227488,854563,973269,682284,806802,1699996,871845,1311937,1309571,1570514,1289998,884080,857599,1332728,1116279,995302,1606417,1431117,1110280,1392438,2343264,1376735,1148733,554390,1506852,1008272,727614,930543,993551,783307,1706108,1666863,879452
165,1128820,1346685,1153692,1268321,916919,1932429,1345762,1393049,1094903,1339711,1804315,1108973,1390912,1925699,1288864,1161683,1481523,1414624,1669288,1452812,1335814,938981,1062708,725519,880141,1736257,935619,1398254,1430952,1682803,1415467,967479,942835,1462570,1238368,1073790,1739086,1565069,1220707,1521820,2585718,1513475,1267971,599867,1623972,1092840,786470,973037,1035432,861027,1854250,1742349,949558
166,1157475,1407306,1200517,1312777,935650,1902757,1388373,1309168,1122972,1321007,1848402,1127538,1438271,1928607,1343330,1211825,1537639,1447513,1701469,1509216,1351422,966052,1096208,742031,902588,1669159,953338,1403500,1458418,1699248,1457085,997970,972676,1485862,1283937,1086963,1746642,1604334,1262205,1539077,2670233,1558223,1323073,622062,1642368,1129988,808695,973366,1038647,890303,1876526,1696533,951354
167,1131707,1416345,1202433,1313423,918544,1775392,1364763,1189169,1102796,1223778,1812866,1106326,1429707,1826622,1339139,1219782,1524943,1425889,1655281,1507284,1310199,959129,1088876,739329,887045,1550225,947418,1364123,1417205,1651425,1437759,997111,959483,1429397,1279468,1052968,1667625,1571137,1256583,1490203,2644108,1542394,1335167,623150,1594731,1133731,804764,949084,1024676,890166,1809983,1585665,910685
168,1083669,1394352,1176352,1279691,878403,1606562,1306050,1055135,1057231,1108975,1739847,1058184,1376615,1681330,1302613,1197812,1470858,1374717,1576113,1470982,1235814,926034,1053701,720959,852540,1411877,916021,1295987,1336866,1565153,1380196,968081,924142,1339808,1235544,998329,1548601,1507066,1225399,1405260,2561170,1492479,1320213,610020,1510872,1111014,783489,908450,995975,865844,1706647,1449278,848949
169,1030956,1352388,1135264,1236419,837480,1437773,1234643,927181,1005684,1006855,1660850,1005958,1312006,1535966,1247522,1161635,1403790,1313012,1488577,1420107,1159674,890521,1011319,702582,818947,1274266,882589,1218846,1250076,1474139,1317410,937160,879138,1245734,1185951,943489,1428046,1432867,1179908,1309159,2456400,1430557,1290410,593961,1418845,1087040,762604,871692,969701,844545,1593615,1312541,785068
170,969657,1284895,1078002,1171273,785397,1276306,1154099,802300,943935,908852,1559286,948640,1231194,1383012,1174848,1105436,1314271,1232637,1387188,1344760,1074498,847493,954936,680994,785351,1137111,837212,1123851,1151618,1369005,1239992,890584,826583,1146038,1122421,885053,1291855,1341165,1111414,1197674,2312570,1342272,1231206,576741,1320538,1051633,740093,833381,946226,812778,1467315,1173664,715207
171,912647,1214280,1017384,1097153,729652,1132559,1075225,688234,880108,822268,1455965,892617,1145713,1236660,1100814,1043567,1228869,1150487,1284840,1268273,992286,801643,895891,657083,750314,1011479,786853,1028666,1060377,1262527,1159778,839055,770578,1049842,1056924,827479,1161751,1245385,1039585,1093323,2161972,1249061,1164443,556780,1222575,1008317,712697,793885,918175,783047,1341733,1044449,649405
172,869432,1149237,959700,1039040,680543,1017283,1007341,591603,832040,753727,1365813,841150,1081582,1116104,1045413,997637,1163642,1075604,1200701,1208775,920243,755417,845040,627140,707214,897313,742590,944990,987170,1168341,1091946,801880,726236,976021,998351,775267,1049446,1158592,978962,1010956,2040720,1169403,1110777,524017,1138539,958720,674129,754838,884562,732147,1229574,926926,591317
173,854490,1128649,939608,1010753,652834,941604,974967,516141,816331,714036,1320031,821879,1053010,1029052,1024634,986932,1139302,1028580,1164024,1187564,875405,738002,819646,617302,689361,809370,718534,883163,946201,1107218,1058299,788363,701746,934280,980269,743889,968496,1105267,949981,969728,1986488,1129009,1091216,514153,1082980,942054,659977,727313,864970,713945,1151349,838470,553042
174,846477,1115851,931103,991996,632942,875784,952607,450865,805856,678439,1287562,804838,1036910,950982,1018466,987369,1133536,988627,1135850,1180698,839339,728141,799866,611110,679438,733166,696977,828102,915018,1056006,1028527,778358,686040,903576,968455,720803,900951,1057106,935889,941200,1952778,1104125,1084122,509368,1036681,931225,648646,706147,845306,704125,1084101,759224,519056
175,836757,1109564,921598,977522,613713,814936,929004,396019,795986,639275,1256904,788159,1022793,879278,1014459,988907,1127584,951954,1109944,1174471,803473,715413,779122,603167,664507,660409,680086,779963,883773,1007741,1002149,773627,669990,872124,957830,694738,835560,1007412,923343,917376,1919736,1077841,1082594,503033,996347,918642,634360,680449,821789,691805,1021009,686125,488869
176,816479,1086031,900112,949159,585691,744872,888782,346980,774659,588780,1212078,763952,993879,801262,993324,967359,1099066,907466,1064725,1150437,753875,693572,750832,590416,642632,588678,657717,730186,841379,950954,956475,756631,645437,827670,932230,662237,765582,942754,899684,883097,1854729,1039123,1067643,490664,941873,895416,610900,655971,793912,672105,945150,613946,454577
177,772016,1035252,856475,895311,547190,665442,824914,299817,728911,521691,1136835,723972,937655,709149,938026,927359,1033411,842497,989045,1092842,690228,655394,701526,569385,611267,519273,621017,672823,778750,873839,891640,718989,603086,763254,883610,618406,682637,856864,850403,823887,1742125,973204,1028435,472078,871712,855599,580193,617846,757995,639864,851701,534048,411049
178,715577,963714,797577,824631,498840,577935,750424,257633,670041,455680,1046467,671993,863620,614744,866011,862529,944899,770909,900324,1014553,618475,610996,646481,541452,577777,455747,578366,611563,704219,793181,811909,671667,553216,686991,817550,568491,596005,765024,787355,753431,1603063,891955,971109,448958,793810,803374,544289,582506,719713,601910,757470,463394,367389
179,651153,884141,732789,750397,451793,498825,671708,221675,605709,390606,950799,622137,784221,529830,782146,790665,847515,695363,805441,925868,547777,562508,586257,515142,546726,399396,532672,549016,631328,714523,731092,618188,501100,611482,747465,517817,515431,671957,721943,676418,1452232,804833,900895,425971,716308,753914,512078,545782,681753,562890,664443,401180,323773
180,590195,808332,672666,677388,407474,429131,599099,190127,546213,336262,864752,574123,705905,455006,702629,722020,758935,628008,721214,845381,486018,522710,531595,490753,520219,350284,490093,492333,560086,638765,658379,565510,451126,539930,683385,476341,446920,591397,656001,603423,1310805,724019,833455,406516,646363,703581,482404,512493,644951,528362,583966,346822,285473
181,537090,734661,607578,613864,365842,369137,536372,164481,493662,294598,780940,523778,636038,392132,631536,655841,677293,564178,642728,767613,429631,473535,480897,456878,481013,309002,445724,439002,500099,572152,592865,516182,405860,479735,616638,431706,387580,518401,594706,537343,1180185,646693,765006,373855,581626,645486,445654,475545,602057,484730,513673,299373,254049
182,494946,672099,557306,559774,332695,322413,485381,143886,448615,261098,715225,486897,579904,341749,576177,601439,611857,511643,582951,706317,383713,438732,439041,433274,456886,274911,410993,394708,448908,517024,538045,475188,368284,427846,566201,399444,339229,461549,542029,481709,1072463,586008,706446,353864,526070,604389,416494,448655,571062,451349,456663,262655,226673
183,458160,621420,516248,513665,301979,282974,440817,126518,414515,236077,658848,453261,532108,301071,531150,556361,559231,467083,533893,657596,346604,411872,403581,412555,433917,246450,380036,356947,407573,468831,493879,442069,336719,388893,522406,370507,299925,411426,501666,436852,986457,535071,660005,333756,484110,566585,392619,425592,542138,423046,408881,233032,204312
184,430013,579792,483302,478641,280261,253930,408076,111966,386483,217424,612899,427332,496534,267845,496401,523440,519563,429565,495257,617966,316869,386150,373507,394155,413963,223649,354325,328023,375569,431263,455474,415918,310914,357763,487790,344428,269762,371858,468387,404469,915931,494507,621184,316399,448934,534286,369780,402247,516876,396473,370829,208747,186714
185,407852,549987,460360,451409,261694,230519,383009,100771,366595,202814,577801,407625,468377,242506,472447,499828,489299,400501,466736,589836,294456,366536,352359,378354,396660,204984,333596,303386,350767,402253,428113,396034,292361,332374,463520,326582,244875,340764,443357,380333,865268,464453,596227,302549,419324,509694,351644,382222,490203,376089,342306,188032,174262
186,389423,524671,438908,428638,247439,210718,361963,90625,350376,187314,547845,385832,447152,221278,450834,482557,463954,374868,441737,567868,272457,346898,333079,363712,376810,189128,317897,283378,331835,374593,403835,378129,277360,310992,441271,306796,225403,313588,424100,358409,822668,439023,574796,286694,394262,484220,331418,363537,464292,354632,314706,170826,162682
187,370943,500345,419014,406669,232573,192644,340577,82767,332527,173044,516505,368736,424984,202347,430824,460166,438514,351240,417463,544412,252036,329107,314239,347632,360366,174599,301451,266535,308422,351028,380024,360784,259866,292087,417824,289200,206884,287355,403955,338807,778614,415327,556713,273321,367887,461494,313123,344203,438093,334015,291444,155843,152164
188,350302,474182,398271,382472,216803,174217,317532,75271,313248,158396,485902,351018,401059,182951,405945,439392,408734,327413,392527,516612,231791,309659,293804,335353,345149,159854,286860,248854,287986,325190,353854,342654,244257,272197,394843,271415,188207,263723,383018,317062,736460,390311,534944,259242,344868,437896,297829,327992,415496,316064,267891,141381,141026
189,323095,442822,372618,352961,200510,155714,291892,68385,288292,142756,448914,328743,372102,163928,377010,409525,374861,300881,361750,482000,210923,289114,271451,317485,329894,146303,268324,229692,262799,298368,325407,319580,225697,247634,367626,252510,168917,239266,357857,293784,680943,360623,507709,247247,318681,411634,280540,312125,391570,298795,242978,126557,128800
190,294676,409104,343815,322634,182948,138422,263308,61590,262550,127112,411768,305529,339069,145645,344362,377006,338635,274948,328205,440769,188941,268395,247735,300790,313848,132082,248758,210992,239026,272597,298250,293691,205751,224774,337161,230917,151435,216270,329488,267010,621769,328543,473439,232607,290244,383547,263717,294614,368291,279582,219198,113106,117296
191,266941,372170,313475,291957,165429,121922,236171,55668,236210,113531,374611,282736,307433,128902,310977,343229,302821,249471,294460,400961,168781,247434,225478,285386,299330,119949,227349,191630,213561,245212,269871,268444,185343,200735,305810,213389,134568,193343,298815,240753,562231,296436,434987,219697,266118,354914,246717,277615,347125,260142,196444,102080,105603
192,240796,337286,286045,263998,150407,108046,213367,50070,213045,100818,341686,262968,276771,113537,281317,311167,270826,226125,266050,363729,151337,228285,204338,269833,285437,109312,208910,173003,190648,222613,243715,243748,167996,180326,280224,196087,119768,173581,271607,217072,508464,266890,398812,205230,242958,330779,231696,263474,327258,241230,175645,91339,94928
193,218792,307211,260411,237992,136539,95345,192491,45322,192578,91756,313017,243145,250524,101703,254986,282189,244462,204521,239835,331027,135574,211006,185933,257221,271690,100082,191718,156447,172286,201461,223220,222857,151978,161788,256223,180319,106776,155817,247198,195528,462236,241699,365990,193119,220312,306493,215838,247804,309186,223997,158338,82270,86021
194,199399,282092,241469,218943,125874,86272,175772,41555,176634,83912,288120,229222,230044,92400,234505,259915,221511,187319,218625,306136,124079,198180,170210,245012,263289,92159,177665,143087,156653,183967,205734,204819,137988,147915,237978,168961,96708,141636,225947,178332,424295,221031,336718,183720,205795,286763,205360,237199,291358,211263,145009,75836,78481
195,185365,261788,225535,202151,116977,78482,162346,38552,164262,78185,270532,216573,213032,84549,218539,242039,206477,172782,202175,285333,114090,188520,158311,233828,254738,85748,165855,132712,145163,169638,191268,190733,127767,136283,220777,158067,89560,131013,209962,164497,394408,205020,316118,174707,191792,270760,196352,225396,276923,200069,134561,70400,73004
196,172175,246649,215025,190072,109351,72455,150745,35891,152708,73234,253750,206272,200324,79128,206669,228164,191724,161322,189385,270522,106564,179751,149081,225771,246434,79681,156210,124245,134540,159201,180939,178539,119932,127345,208698,149531,82987,121795,198698,154182,369538,192339,299740,167491,179863,256737,187178,214443,262078,190440,124464,65593,68019
197,162696,233127,200442,178907,102378,68188,143129,33607,144944,68623,237425,194059,190258,73918,195625,217801,179571,151278,179615,256841,100502,166809,139860,213331,230609,74798,148249,116995,127199,149873,170470,170294,112973,120577,195677,138457,77989,115843,189516,145352,350648,182339,287684,154796,168275,240318,172378,199714,243105,175409,116796,61777,64228
198,151606,221806,191228,168929,97152,63734,135144,31908,136285,64466,224598,185021,179668,69127,185863,208582,169203,142558,171051,245296,93248,157158,133023,202833,220454,70041,140116,110925,120225,141537,161438,161163,106983,114246,185214,130314,72609,108251,180682,139195,334417,173613,276120,145911,159098,226627,161950,189769,227241,163772,110592,57221,60836
199,141629,210225,182421,158992,90813,59223,126722,30163,128420,60355,210733,176337,169261,65240,176006,196592,158510,134455,159934,230813,87427,148338,125010,193638,212624,66140,132537,105140,112533,131892,152947,150865,100889,107416,174584,121908,68991,102043,171479,131325,316711,163720,264674,139230,149691,213831,153363,178900,213505,153304,103197,53560,57304
200,129584,197720,171515,148532,84958,55475,118390,28166,120069,55773,197062,166359,158452,59723,164830,185410,147049,125048,148890,216564,81426,140497,117785,185306,203039,60717,125429,98872,104943,123787,143704,140742,94310,99934,164141,114187,63435,95390,160636,122068,296839,153627,251037,131914,140304,201050,144871,169628,201374,145429,95785,49953,53601
201,118816,183180,160014,136117,79321,50752,108656,26485,110119,51387,182801,156824,146163,56031,152763,171496,134349,115943,138144,199996,74644,130232,108319,175171,194357,57059,116551,91425,96934,114855,132821,130145,87295,93339,152379,105857,58863,88213,150317,114084,274720,142235,235224,123418,130226,187789,135970,159609,188293,136176,87985,46880,49441
202,108265,167916,147667,123436,73151,46186,98683,24538,100096,47231,168997,145881,133294,50776,138747,156978,122417,106685,125438,182924,68262,121410,99251,165664,184979,52641,108545,83646,87943,106375,121986,119287,80119,84795,139886,98333,53452,80323,137282,103843,251426,129940,216879,117195,120042,173706,127583,151183,176292,126754,80640,43162,45458
203,98234,154388,135840,112490,66756,42517,90239,23141,91596,42635,156068,137073,121763,46586,126075,143955,110885,98035,114475,167061,62125,113635,91959,157263,177000,49396,99034,76860,80544,96927,113311,108668,73346,77271,129385,91252,48888,74500,125828,95415,230726,119640,199426,109642,110816,161149,119356,142194,163838,118452,73916,40089,41463
204,89668,141081,126875,102976,61773,38886,82520,21296,83799,39645,144777,128509,111467,43065,116087,131474,101722,89010,104638,153099,56590,107228,84422,149362,171452,45845,91837,70846,72950,89721,104986,99483,66977,71087,119016,85831,44790,68148,115504,87683,211476,109846,183055,104834,102713,150340,113255,134455,153912,111740,68040,37351,37837
205,81497,130209,116922,94761,57165,35275,75147,19632,77015,36380,133810,119850,102216,39399,107171,120932,92449,82574,96615,140411,52630,100262,77483,141399,162227,42499,85039,64862,67353,81505,96762,91758,61483,65562,110233,79305,40914,62876,106426,80685,195684,100933,169456,97509,95067,139423,104992,126030,142511,103023,62956,34884,35213
206,75604,120810,109283,88392,53016,32735,69453,18674,71759,34578,124550,113155,94722,36846,99807,112792,85910,76776,89615,131424,48597,93231,72219,133617,154217,39436,79472,60390,62088,76543,90349,85216,57359,60860,102470,74117,38218,59204,99080,75101,181876,94307,159130,91371,89036,129306,98142,118167,132853,96060,58564,31885,32538
207,70144,113337,103574,81557,49907,30622,65657,17874,66552,32322,116483,107370,89086,34183,94008,105935,80599,71843,84115,123390,45265,87965,67330,126506,146466,37175,74431,56713,58492,70875,85024,80034,53638,57631,96318,68928,35378,55450,93736,70048,171117,88607,150919,84984,83386,120296,91769,110394,122652,89479,54493,30327,30951
208,65271,107448,98613,76673,47223,28600,61427,16659,62431,30739,109831,101327,83703,31852,88867,100211,75257,67340,79085,116376,42391,82602,63810,120362,139974,34663,70325,53988,54453,66845,80340,73972,50229,54012,90614,64690,33754,52528,88415,66577,161528,83945,143181,80534,78102,113994,85495,103690,113658,83826,51591,28688,28778
209,61194,101806,91818,72509,44038,26913,57237,15730,58628,28565,102808,95136,78870,29619,84644,94485,70786,63931,74703,109114,39572,76108,59745,112418,130549,32672,66494,50297,51297,63272,75362,69862,47427,51005,84724,60170,31539,49856,83362,62128,152953,79361,135823,73787,73109,105686,79479,96928,105336,76877,47895,26750,27233
210,56612,96201,86802,67887,41812,24896,53967,15039,54993,27367,95951,89323,73553,27897,79126,89066,66194,59926,69680,103487,36732,71705,55990,106980,123041,30641,62166,47380,47873,59093,70644,65498,44522,47687,79933,56367,29827,46989,79109,58388,143828,74542,129367,69185,68451,99191,73955,90968,98513,71942,45013,25396,25511
211,52789,89921,81695,63088,38483,23024,49737,13604,50918,25004,89934,83458,68466,26202,74011,82765,61593,55851,64317,95272,33921,67388,51781,100401,116675,28078,58034,44525,44360,55075,66168,60838,41283,44807,73874,52083,27376,43608,73821,54660,133546,69612,121895,64724,63681,92315,68869,85277,90478,67583,41571,23588,23789
212,48019,83100,76177,57656,35931,21186,45963,12537,46915,23520,83166,77794,62926,23723,67927,76315,56554,51149,59516,88130,31257,62037,48020,94906,111125,26310,54091,41144,40574,51811,60626,55945,37784,41668,69171,48553,25091,40233,68351,50460,123228,64023,113371,60750,58989,85502,64301,79578,84102,62034,38459,21669,21627
213,43444,76224,70149,53050,33273,19295,41531,11660,43004,21132,76938,73197,57157,21814,62058,69990,51581,47286,53949,80320,28585,58065,44521,89555,103951,24104,49997,36994,36985,47151,56291,51250,34500,37595,63143,44909,22787,36980,63266,45999,112931,58631,104652,56153,53927,78348,59875,74549,77966,58347,35580,19839,19934
214,39882,69340,64325,48508,30535,17449,37977,10502,39166,19675,70318,67951,52193,19908,56461,63389,46637,43516,49084,73174,26027,54229,40768,83897,98008,21856,46194,33808,33597,42739,51536,46776,31669,34570,57402,41527,20955,34425,56656,42135,102882,53544,95478,52878,49619,72763,55695,68684,71523,53679,31884,17960,18556
215,36922,63403,60139,44461,27971,16136,34630,9741,35667,18236,65154,63214,48163,18361,51830,58173,42878,40046,45572,67486,23963,50164,37420,78392,92902,20459,42421,31389,31066,39546,47696,42858,29115,31636,53371,38788,19061,31266,52373,38202,94545,49410,88704,49321,46012,66873,51534,64342,65411,50223,28959,16505,16629
216,33517,59720,55603,40734,25991,14663,31790,8936,32639,17089,60686,59033,44097,16885,48235,53518,39548,36530,42105,62000,21827,46648,34731,74079,87854,18675,39078,28561,28101,36464,44197,39717,26790,29402,49150,36285,17261,28886,48357,35039,87126,45418,81413,45680,41956,61874,47743,60368,60241,46692,26756,15308,15472
217,31448,55202,52183,37920,24018,13497,29620,8242,30011,16028,57023,54899,40486,15318,44910,49830,36540,34354,38390,57291,20345,43759,32034,69827,82212,17233,36238,26798,26358,33684,40968,36757,24766,27282,45463,33709,16320,27481,45463,32768,81078,42368,75936,42226,39054,57082,44042,55734,55226,42927,24912,14456,14413
218,29305,51696,48276,35260,22292,12596,27493,7633,28182,15477,52455,51317,38150,14415,42148,46460,34362,31883,36004,53316,18649,40030,29807,64597,75441,16287,33869,25106,24270,31730,38262,33998,22853,25486,42467,30058,15016,25450,42286,30542,76043,39938,71553,38580,36377,52094,40367,51267,50471,38701,23249,13548,13273
219,27077,48932,45942,33354,21083,11749,25804,7407,26391,14631,49419,47677,35870,13593,39418,43742,32055,29782,33977,50218,17658,36984,28262,60170,71095,15092,31972,23688,23037,29829,35782,32123,21694,24058,39817,28451,14189,23945,40131,28692,71828,37148,68194,35575,33802,48948,37151,48390,46994,36111,21947,12953,12638
220,25464,45249,42674,30648,19915,11165,24070,7053,24693,14074,46020,44398,33669,12891,36989,41218,30185,28135,31792,47335,16636,34704,26330,56456,66743,13914,30133,22100,21547,28239,33344,30084,20175,22990,36575,26520,13320,22634,37559,26659,66949,35281,64368,33041,31810,45520,34672,44721,42984,33995,20066,11612,11782
221,24100,43159,40746,29026,18673,10320,22642,6559,23303,13388,42793,42230,31545,11772,34594,38916,28214,26293,29666,44022,15505,32579,25118,53472,62657,13138,28235,20799,19769,26733,31690,28067,18701,21425,34168,24958,12778,21383,35075,24783,62345,32805,59998,30889,29537,42632,32217,42255,39630,31703,18887,10971,10734
222,22294,40032,37652,26639,17257,9687,20707,6011,21195,12708,39658,39539,29161,10866,32065,35758,25809,24562,27229,40441,14124,30561,22709,50250,59031,12298,26129,18964,18214,24549,28991,26355,17268,19967,31650,23111,11311,19673,32710,23217,57575,30096,56398,28890,27322,39603,29407,39172,36406,28806,17387,10132,10280
223,20482,36878,34867,24422,16172,8764,18943,5348,19571,11987,37250,36405,26635,10098,29580,32997,24104,22736,24846,37174,13124,28073,21060,47054,55354,11083,24324,17613,16758,23009,26632,23636,15927,18331,29324,21309,10181,18111,29987,21185,53083,28310,52108,26529,25209,36491,27360,36562,33502,26866,15777,9453,9405
224,18747,33904,32319,22202,14486,8297,17429,4976,17933,11057,34351,34665,24635,9362,26859,30139,22079,21213,22962,33490,11939,25962,19358,44042,52062,10321,22925,16132,15372,20574,24660,21963,14642,17031,26927,19800,9612,16745,27785,19413,49416,26005,48032,24257,23408,33292,25315,33895,31125,25081,14521,8624,8663
225,17397,31094,29957,20635,13515,8139,16012,4669,16468,10249,31629,31517,22226,8421,24795,27311,20131,19110,20628,31121,10721,24079,18074,41239,48204,9352,20442,14723,13810,18999,22508,20065,13451,15317,24793,18240,8880,15295,25418,17762,45125,23385,43745,22435,21618,30540,23572,31367,28421,23164,13093,8204,8002
226,15950,28542,27440,18899,12415,7128,14475,4324,15103,9843,29312,29375,20491,7706,22950,25426,18510,17661,19119,28595,9995,22244,16525,38210,45023,8735,18879,13844,12961,17714,20881,18440,12242,14347,22694,16741,8239,14173,23434,16326,41253,21838,40541,20872,20071,28174,21746,28887,26125,21304,12395,7973,7136
227,14961,26504,25758,17379,11683,5936,13397,4097,14279,9342,27233,27126,18930,7355,21374,23846,16967,16547,17625,26329,9462,20855,15389,35964,42584,8125,17844,12656,11959,16746,19617,17244,11234,13591,21200,15800,7678,13391,21505,15076,38329,20067,38195,19212,18400,26157,20080,27124,24051,19775,11478,6644,6743
228,14216,24700,24081,16322,10895,750,12545,4207,13123,9042,25637,25612,17813,6866,19819,21784,16397,15538,16608,24487,8867,19119,14311,33421,39650,7715,16621,11942,11360,15711,18325,16096,10822,12941,19722,14636,7172,12295,20310,13934,35774,19056,35667,17854,17117,24028,18645,25045,22140,18445,10610,1468,6223
229,13268,23563,23076,15256,10404,989,11709,4173,12531,9120,24365,24032,16899,6833,18863,20674,15294,14787,15510,23515,8624,18177,13728,31648,37343,8052,15674,11438,10606,14940,17239,14839,10049,12075,18414,14028,7914,12130,19140,13164,34013,18116,32984,16899,16399,22739,17442,23594,20498,17421,10346,1453,6058
230,12632,22393,21326,14464,9855,455,11226,4794,11822,9031,22519,22760,15819,6737,17888,19602,14359,13853,14735,21962,8065,16333,12692,29496,33975,7032,14976,10930,10192,14122,16315,14167,9462,11646,17307,12801,6699,11384,17870,12625,32269,17050,31612,15402,15478,20862,16240,21760,18649,15854,9468,1514,6243
231,11931,20783,20079,13328,9249,187,10412,3798,11068,9031,21057,21115,15089,5931,16884,18016,13920,13312,14391,20366,7662,15516,12101,26947,31764,6391,14172,10381,9516,13558,15134,13095,8978,11211,15994,11749,5183,10821,16994,11873,30396,15963,29594,13865,14368,19034,15041,20341,17164,14639,9376,1317,5251
