length,EE87920,EE88290,EE88291,EE88292,EE88293,EE88294,EE88295,EE88296,EE88297,EE88298,EE88299,EE88301,EE88302,EE88303,EE88304,EE88305,EE88306,EE88307,EE88308,EE88309,EE88310,EE88311,EE88312,EE88313,EE88314,EE88315,EE88316,EE88317,EE88318,EE88319,EE88320,EE88321,EE88322,EE88323,EE88324
98,6784,456,682,323,731,1103,1071,959,586,976,732,864,692,829,1294,511,447,719,714,2166,945,697,1560,512,538,646,600,1147,993,777,694,599,1163,1349,968
99,69428,7109,2878,1266,4594,2177,5349,2142,1631,6993,3923,4747,3064,4607,6672,3315,1458,3556,5616,6108,8794,6297,13875,2625,4645,5581,4838,10525,6812,7757,5810,1835,8730,10689,13413
100,97589,8288,3326,1691,5393,3104,6347,5404,4297,8051,4842,5528,3627,5355,7750,4048,1785,4516,6760,7107,10792,7800,16608,5726,5857,6758,5631,12837,8121,9771,6836,2628,10095,13290,16115
101,103770,10906,3877,1856,5891,3277,7113,5988,4512,8916,5482,9924,3981,6187,8751,4452,2131,5108,7591,7742,12126,8740,18830,6493,6454,7501,6402,14730,9079,11428,7672,3020,11748,15371,17850
102,91535,11877,4087,5834,6334,3493,7751,6503,4932,9974,6012,11032,4229,6839,9729,4888,2151,5446,8154,8256,13651,9577,20384,7139,7064,8101,6567,16017,9805,12256,8361,3173,12586,16719,18611
103,68515,12317,4231,6227,6725,3751,8342,6817,5495,10517,6204,11860,4489,7267,10231,5125,2233,5910,8281,8514,14134,9669,21084,7388,7237,8498,7006,16495,10104,12743,8796,3315,13480,17447,18828
104,48425,12080,4479,6289,6741,5600,8432,6811,5534,10541,6162,11706,4546,7427,10341,5203,2229,5811,8222,8742,14214,9761,21002,7360,7186,8305,7001,16204,10057,12329,9267,7568,13362,17451,18397
105,38200,12393,4421,6557,6997,5838,8568,6857,5703,10712,6356,12037,4739,7719,11040,5246,2387,6209,8110,8980,14495,9715,21073,7667,7372,8355,7056,16190,10167,12081,9401,7808,13507,17990,17695
106,36239,13566,5078,7087,7873,6427,9529,7583,6456,12073,6992,13273,5376,8676,12141,5814,2651,7053,8966,9823,16220,10719,22720,8144,7963,9146,7674,17867,10886,12929,10406,8603,14497,19675,19537
107,39678,15034,5870,8086,8889,6915,10666,8805,7367,13553,7864,15148,6074,9978,13902,6581,3047,8053,10028,10793,18358,12079,25991,9461,9102,10566,8714,20348,12453,14992,11916,9438,16247,22121,21773
108,47268,16824,6921,9216,10427,7616,12120,9950,8306,15122,9524,17254,6816,11296,15918,7652,3583,9276,11507,12314,21312,14155,29851,10761,10597,12145,10035,23019,13928,17819,13547,10593,18567,25559,24506
109,65323,18787,8217,10656,12358,8606,14897,11851,9617,16827,11469,19938,8218,13041,17843,9215,4338,10456,13863,13845,24963,16948,35661,12859,12995,14463,11690,26757,15482,22300,15721,12412,21906,30356,28764
110,100722,22373,9972,12580,15029,9450,18047,14094,11688,19234,14435,23699,9855,15447,20845,11643,5454,12922,16714,16514,30336,21642,44475,15605,16438,17544,14402,32739,17943,29305,18974,14533,26655,36689,35039
111,142128,25855,11724,14536,17543,10535,21474,16295,13462,21707,16815,27332,11515,18116,23683,13604,6326,14965,19990,19025,35851,25810,52704,17846,19809,20491,16891,38494,19963,36523,21671,16203,31000,42893,40431
112,148104,27153,12416,14964,18498,11504,22933,17182,14255,22589,17670,28482,12231,19195,24822,14254,6677,15375,20628,19939,37657,27016,54540,18949,20552,21359,17578,39337,20818,38398,22746,17050,32629,45498,40338
113,121256,25733,11820,14109,17408,11488,22185,16418,13235,21528,16489,26835,11546,18299,23398,12783,6454,14863,18624,18539,34878,24672,50065,17942,18517,19155,16187,36072,19609,33988,20944,16160,31311,42912,35626
114,90673,24342,11616,13420,16606,11629,21855,15578,13282,21153,15941,25810,11173,17844,22881,11955,6220,14448,17611,17933,33202,22567,46760,17120,16876,17608,15189,33583,18894,30335,19906,16294,29827,41911,31945
115,73777,25589,12194,14160,17433,12285,23196,16183,13668,22105,16674,26839,11900,19047,23495,12423,6372,15473,18159,18925,34807,22507,47947,17389,17638,18162,15400,34152,19406,30517,21123,16710,30742,43931,32179
116,73995,28803,13465,15709,19369,13475,25655,18021,15574,24267,18670,29746,13229,21129,26966,13922,7091,17422,19760,20097,38456,25158,53309,19388,19052,20021,17061,38167,21412,33197,22918,18525,34265,48908,34649
117,85202,32778,15635,17886,22090,15006,28986,20629,17760,27915,21206,33617,15011,24225,29958,15687,7950,19623,22247,22746,43890,28586,60546,21849,21400,22482,19353,43413,24435,37471,25866,21113,38858,54715,38243
118,105107,36838,18315,20157,25429,16771,33420,23233,20519,31246,25019,38417,17328,27176,33156,18158,9387,22306,25446,24912,49278,32480,68063,25262,24184,25214,22118,48273,27335,43152,29076,23851,44080,62154,42381
119,148367,41964,22145,23277,30059,19127,40013,28232,24097,34829,30239,44952,20486,32026,36989,21315,11550,26258,30111,28287,56738,39214,80998,29624,29034,29775,26265,55945,31174,53143,33104,27543,51953,72168,50143
120,243631,53001,28789,29077,38884,23319,51549,35999,30392,42970,38326,57066,26741,40032,45172,28095,14787,33545,38032,34655,71905,52434,105163,36841,37248,38402,33977,71622,38771,70837,41238,34056,66100,90723,64564
121,377293,70505,37974,38677,52716,29175,67865,47099,40046,54396,50867,77829,35285,51823,57324,37559,19505,44229,49788,43744,93151,73148,143889,47700,49116,51615,45426,95493,50470,97487,53344,44215,87498,116040,86022
122,414111,85612,45659,45788,64726,34104,81227,57285,48644,65416,61250,93760,43273,61988,66736,45328,22606,52900,58852,51630,111262,91288,177915,56364,60281,62485,55618,115673,61588,119963,64334,52756,107001,137282,103069
123,337690,86808,46004,45440,65201,35107,81202,58215,49799,66572,60767,93623,43065,63192,65834,45175,22351,52340,58079,51060,110415,91901,178955,56636,59002,62750,54402,113316,62984,118327,63870,53363,107975,135182,98656
124,254594,73558,38209,37392,54078,31237,69860,48564,42365,57600,50291,76198,35939,52828,55949,36236,18140,43354,46196,43178,90505,72134,145478,47407,48347,49302,44119,90962,53309,92125,53201,45281,89873,114302,76521
125,207194,62775,32199,31959,45025,29159,62726,40073,36778,49906,42399,63557,30396,46419,49202,28908,15562,37693,38789,36488,76080,55739,115633,40130,38634,39092,35867,74978,46862,71587,44059,38892,76739,99071,59984
126,192130,64396,32658,32030,44272,30041,63461,40064,36867,49682,41601,63330,30820,46885,50907,28122,15486,38056,38006,35843,74918,51506,110842,39829,36895,36982,35796,74241,47356,65196,43349,39505,77788,99741,56579
127,208441,72320,36794,35438,48884,33668,70398,44654,41628,55269,45664,70546,34391,51776,55737,31280,16888,42132,41196,38548,82147,55824,122258,44165,39292,40465,39089,82301,54601,69810,46894,43606,88267,109332,61295
128,248016,83930,41910,40606,56705,38615,78615,51228,48133,62797,52000,81125,39965,58093,63806,35255,19394,47720,46995,42974,92744,62739,138272,50058,43861,45830,45068,93728,63538,76949,53318,49696,100392,122183,68933
129,331894,97208,49509,47288,65992,44282,90628,59752,56255,73423,59908,94578,47223,67700,73022,41363,22985,55219,54624,48125,105527,72616,160832,56628,50542,53641,52541,108572,74183,89198,61351,58384,116652,138309,79486
130,526533,121284,62717,58461,82213,53880,111156,74930,69683,89206,74975,118574,59677,82689,87193,52371,28205,67666,66945,57520,128638,90978,200009,68085,62258,67593,66206,135688,92746,111378,74299,71992,144857,166329,98851
131,880056,158752,82800,76219,108995,69142,141221,98149,91301,114468,97312,157653,78904,106663,110078,69147,36455,87047,86576,72953,164112,122329,263410,87072,80960,90118,88087,178887,120589,145353,95098,93646,189298,209257,131982
132,1232678,213264,112358,104030,148418,91034,183625,133526,121333,151571,127365,214527,106950,140629,140307,93203,48063,115620,115351,95238,213021,168451,356208,114619,108432,122092,121283,238546,162454,194938,126299,126026,254840,269347,180131
133,1292074,268356,141685,129446,190235,112173,224382,169324,151513,189067,155908,269121,134415,173334,169509,117082,59060,142439,143687,118756,260327,216197,447462,142106,136603,156672,152737,295165,203958,244802,156303,158332,320307,323941,226041
134,1024156,286833,149125,136930,202460,121048,235962,181444,162473,201751,163333,283484,143251,184806,176278,123612,61094,149623,149639,123641,272764,227419,475807,151884,144813,162317,161557,310564,219217,253868,164416,169932,345624,337428,234179
135,744874,266326,134169,123984,182152,115793,219940,166111,151639,186181,147526,259140,130170,172662,163973,108805,54869,137169,134122,111846,249755,196629,424859,141120,127121,141455,144706,281704,204027,219620,149001,158486,320920,308670,202357
136,605551,253333,123421,114511,163703,115671,208430,152757,142446,175582,135681,244413,120330,162901,159000,98279,51337,128923,122064,99772,231809,168316,378467,132347,111125,121978,129779,258402,194921,186589,135575,150468,299585,291474,175263
137,570282,278919,131395,123177,173520,130207,223730,162253,153685,187311,144350,270020,131746,176027,174963,102450,55346,141429,129846,104816,248424,172435,395816,141820,113443,125421,136477,275737,211798,188654,144061,166831,320865,313233,180070
138,614952,338689,158004,149805,209791,159332,261226,195481,184542,223207,169710,331459,161099,211423,209870,122789,66334,169688,155079,124319,294735,204332,468118,169827,133445,149637,164894,324760,254466,217995,171860,204509,380369,368669,213777
139,801468,416913,196751,186116,262719,196348,314250,243666,227350,271613,208240,411585,202128,261512,251458,151754,83454,207234,193054,151884,357046,254982,575495,210267,168500,188932,204654,391063,310985,272072,211592,256750,460761,443611,267692
140,1228902,496966,243186,228497,327039,228129,370517,300590,275127,321015,253547,491945,249596,317200,292788,187723,102502,245559,235945,184795,424252,318388,690495,254831,210505,238844,251877,462418,372421,340687,254269,311772,550933,521870,331191
141,1760986,563277,281948,259958,377590,248914,416775,346443,311599,359791,292230,557209,286446,360576,325534,214773,117154,274505,268935,209292,479682,367821,779155,289330,246464,275901,288325,516749,422213,397430,286558,353822,624812,588040,380526
142,2132383,597265,302828,274882,395070,258858,439059,366679,326110,378565,313056,589259,300292,384208,341543,223561,123144,285504,283532,219644,503865,384550,805242,304180,260176,287394,300474,532543,448977,417508,298175,369402,663104,624766,390638
143,2289272,609107,309554,277514,396440,265527,446425,371999,328435,382758,319798,601996,302033,393664,347068,223499,124441,289813,285363,218678,508143,375661,793745,309665,259860,279729,300653,531154,460433,412392,297996,375999,674552,637437,382739
144,2144236,621688,317100,282810,403252,276314,460220,378108,335419,389085,324262,614341,306971,404943,357651,225715,128410,294268,289528,221190,513696,372488,790529,317017,262984,279675,303268,531952,472217,412089,303755,390789,684230,641524,382182
145,1721271,633600,323808,289386,411529,289975,468608,385280,343032,392808,325954,622510,314709,418473,363371,229754,133476,300618,297202,224064,518205,369925,788536,324133,268856,281838,309286,535279,482550,410037,308198,406342,689285,642358,382665
146,1284638,637411,322887,293599,410669,302989,470507,386521,349135,394069,322166,623513,316852,426139,368956,229407,134519,303225,298723,223108,514083,360349,771757,326695,267975,275911,304923,532929,485238,396664,310726,415254,683184,632673,377121
147,1048112,655819,330487,303145,418617,320916,478653,394311,361017,407428,326614,640252,325646,440694,382338,233749,139112,311473,303941,226488,519105,358160,774236,336241,269768,276245,309076,540103,501202,386969,320183,432540,687769,635543,377630
148,1009212,692126,350133,326158,442991,347884,496011,418010,385811,439975,341987,681521,347590,466351,407732,244430,147888,327963,320521,240975,539403,372484,808196,355427,281625,289131,323945,562610,536408,393115,339716,462175,713197,655042,391087
149,1176777,738319,378841,356079,477866,377639,525612,450221,415396,475764,363682,733240,377450,500258,436323,261335,159177,352180,342225,258524,566328,399531,859284,380103,300639,311922,347148,589850,581245,414617,364640,502126,750752,681675,419916
150,1668093,787396,412001,389074,519468,401850,551107,487110,450259,510157,388001,783918,411675,533372,463380,282309,173395,376433,368921,278885,596298,432445,911655,405477,325500,340775,372669,619822,628085,443644,389591,546768,792234,709956,453391
151,2490952,838970,451344,425451,568216,421572,579807,529225,486738,548986,418150,840599,448692,566464,493432,309022,188561,400321,399711,301548,627181,473135,968793,432869,356798,379002,403571,654252,682126,479762,419007,592189,843783,741067,496791
152,3153843,892043,486585,457127,610156,433871,601627,565445,516727,578257,444440,885874,480674,594534,519630,330214,203011,421664,426188,320720,654831,507834,1017297,455581,384497,412464,429683,684793,729893,513750,442703,628798,887989,771870,531877
153,3170630,903829,494048,459301,612386,436005,605558,569249,519886,581796,450404,892967,481456,598929,525711,330700,205639,422738,428332,322002,655742,506693,1010261,458013,387224,410797,430347,678624,739806,514128,444816,633065,887019,775097,526720
154,2646444,892833,484301,450674,592205,439796,603329,553838,509898,568794,440325,878286,467706,589969,522884,318721,203515,420206,415380,310259,642605,483318,974178,451456,372422,388558,415284,659619,727663,492162,433027,623953,872732,760546,500445
155,2014207,917356,489463,458935,594701,464531,620100,560523,524092,574205,442366,893703,474831,600771,535293,320932,207616,433696,419766,311505,647456,479953,981562,460723,369804,384102,419054,666620,736965,482541,441127,643750,882721,770595,494642
156,1551554,984388,517595,492859,629959,507184,659007,595792,564318,607462,462044,949286,506666,637076,571670,340090,221818,465718,446092,329162,676372,501049,1030810,492036,390813,403760,445322,707436,781946,495382,472000,697525,927024,806765,521115
157,1328779,1086213,567163,547216,692378,561474,714127,653137,625413,661231,495552,1035669,560646,697558,624009,375508,245723,511149,491410,362292,729637,543209,1115788,538416,429642,447049,491528,769175,856215,526792,524495,776578,1003950,866789,572530
158,1356150,1203468,631699,612381,774903,615247,777847,728521,693919,727357,543825,1136978,624303,771780,687833,417661,273603,561188,548239,403323,793855,600166,1218288,595877,478411,502115,544783,839539,943577,572298,583944,865604,1091345,941815,637900
159,1706042,1312744,699838,683266,859331,663029,835607,806949,761913,798327,597524,1244117,691190,846935,749336,462208,303748,611804,603875,445955,857203,662095,1325778,654062,532316,561012,599330,901157,1033713,623251,641819,947077,1177504,1011880,705020
160,2313836,1398556,760126,738865,922080,698556,883034,870031,812692,850357,644073,1329340,744233,907586,799589,495084,328727,649667,649771,478788,911016,711655,1410417,703735,573967,608193,640328,946967,1104206,668835,685494,1006768,1242732,1071436,756264
161,2788049,1474651,806669,780836,968006,733608,929311,919266,851391,889659,680170,1403695,780953,963356,842487,519219,349546,685105,684486,500713,957518,744016,1469871,745432,602158,635030,667836,981386,1157697,698971,718030,1060004,1301881,1122345,790637
162,2814132,1576852,857194,830174,1019311,793779,994933,978105,908061,940252,724015,1503075,825589,1026781,899777,545501,372659,735090,723371,525985,1012795,776757,1551359,799117,629548,662750,704869,1030431,1226374,731685,757377,1133772,1381961,1187483,826786
163,2475119,1754082,941901,922651,1117601,907064,1103871,1088294,1011387,1036712,790333,1680118,912223,1134346,993046,597492,411362,821005,798324,575892,1108627,847513,1709073,895725,685062,716773,774811,1131487,1350743,784373,836332,1274311,1513518,1297902,897815
164,2013524,1988779,1067976,1060304,1271689,1060824,1251128,1247038,1165828,1183900,883792,1922150,1042759,1292663,1128407,675486,468284,941995,905537,654507,1241279,954907,1923254,1034838,772348,801461,878557,1269091,1517121,866088,954687,1469727,1679649,1444193,1011644
165,1603796,2163887,1176623,1174044,1394924,1171584,1370964,1380752,1294307,1296605,958829,2096412,1150722,1433599,1230065,741969,518116,1028173,1004755,726844,1341518,1044688,2073065,1152078,856289,878910,962801,1373479,1652668,937643,1063098,1637546,1789859,1551521,1106735
166,1333685,2166596,1217370,1215245,1431911,1182159,1392511,1411489,1325407,1303248,978951,2101259,1178107,1484109,1243957,764710,536109,1040559,1034659,749172,1348800,1056948,2065075,1182375,894913,909836,982789,1371876,1668359,961504,1099090,1685154,1768998,1551007,1134745
167,1178653,2058929,1204419,1195645,1408960,1125706,1345790,1373062,1284464,1247127,961884,1999255,1154585,1467497,1197575,755679,536514,1000314,1025736,741050,1295804,1026876,1960026,1145231,897667,903153,957694,1302618,1610374,952028,1079052,1638790,1658268,1469989,1114349
168,1128781,1911283,1166739,1157209,1355666,1043754,1271311,1306241,1212145,1165513,925185,1868659,1111948,1415387,1132377,728165,528026,943752,991207,712026,1219208,974809,1811900,1087328,879935,876384,910972,1216434,1522737,919929,1036639,1548265,1526298,1369024,1072170
169,1168874,1750262,1118320,1103627,1283876,957069,1192621,1229217,1128419,1074719,883212,1721494,1059709,1354699,1056932,693905,510542,881613,949178,674944,1133763,910992,1658065,1018795,852648,836381,854778,1115357,1422662,882759,983231,1441403,1386950,1261046,1013037
170,1250569,1583374,1055827,1038688,1196465,876640,1107244,1137698,1036666,980919,831976,1570740,995385,1277883,978927,653585,489374,815100,891330,631575,1040025,839940,1498009,948258,809110,784283,791166,1010153,1309738,835175,918845,1336101,1246116,1152371,940379
171,1301511,1420515,986019,969501,1107544,807725,1029028,1048276,951328,892631,776321,1422319,925049,1196631,899299,607710,466937,751442,832714,585338,950401,771518,1351998,877838,764881,731400,724886,911197,1195818,782268,857327,1235443,1112146,1044962,868645
172,1300840,1290203,926049,910928,1034309,760588,963517,970543,882620,821428,723368,1299476,867671,1128796,828187,573229,448109,700964,786469,548638,868770,712178,1234033,819498,727037,686629,671659,826196,1094483,738409,807679,1157632,996320,959052,808616
173,1258485,1194915,891483,879540,986436,733737,920905,918971,836711,775405,685628,1208001,829780,1085221,776615,551611,438465,666210,759810,528283,808770,673824,1151400,784726,711335,660982,637583,768694,1023458,709732,778428,1106858,909488,896272,769112
174,1200153,1125444,864232,862086,956087,722517,888243,882286,807768,744404,657615,1142055,809939,1058760,737212,538636,437131,643062,743998,518588,761171,648086,1086115,761973,705133,646648,612989,722839,971380,691143,764610,1074323,837722,848540,741405
175,1122350,1058684,837569,843722,928037,705847,851018,844502,775459,713754,627360,1077402,791552,1028027,697167,526821,433091,620209,730728,508288,712483,622937,1028698,739757,700224,634025,590461,681631,924801,673731,750714,1034836,769796,798427,717369
176,1023783,981211,798018,813152,888730,672207,800946,794608,732102,669154,592054,997587,759957,977128,649484,509034,420713,589230,705140,490602,659017,595227,957113,702577,686324,619179,560393,632219,872660,646618,719590,979402,697891,740100,684269
177,932047,887107,743906,762804,829532,615622,732731,732258,671924,612457,547245,902595,712420,902308,588118,480671,398087,543621,662398,460415,593806,555399,874605,648637,654699,591952,521379,574187,803581,606355,672398,896744,618326,670938,638707
178,863159,787470,676882,697258,761382,544634,654149,662655,602756,547835,496036,798206,653330,811960,524314,444966,368580,489032,606954,422432,525165,508707,788045,580907,611067,553979,474491,510503,728254,562916,615155,801975,541578,595584,587858
179,807608,692567,612652,626905,688622,470328,576436,589826,532566,484313,445226,697154,589706,723795,462729,405895,338102,435760,547248,383216,462191,463407,702409,515588,562568,513806,426433,449800,651023,515221,554686,706453,472302,523592,532521
180,772077,607016,550189,563444,620432,405540,508769,523806,471013,427027,399646,607801,531628,640358,407958,367672,306085,385944,493911,342712,404620,416802,624037,455672,515624,473159,381148,394004,582482,469716,498820,619540,411040,460826,479868
181,750212,532153,496297,505888,555749,353599,449121,466627,414933,376719,358645,532826,477544,572354,360420,332328,278479,344011,444505,308157,355631,374027,554419,405697,471281,431516,340327,345250,522781,426500,448818,546840,358478,407700,430694
182,726471,467991,447631,455171,500912,314005,403335,417003,369758,336878,324623,472423,429027,516860,320343,300761,255957,308151,401987,278651,316006,336400,497591,363774,431802,395742,305279,303990,470102,391277,406022,488896,313841,363208,388360
183,704242,420703,408576,417224,455577,285833,366796,379373,333903,303940,294353,421376,391272,472846,288011,278546,236530,280263,368834,254647,284025,304738,452196,331151,400252,363761,277883,271016,428554,359500,372897,443234,280604,326488,352856
184,678325,380770,377472,384771,418973,265867,339270,347930,305273,278743,269617,383600,360706,438378,261919,259387,221505,258172,341781,235745,256721,280759,416996,305272,377297,340365,255669,246004,394332,332870,344937,408396,251797,297462,325365
185,649047,350521,354307,360812,390171,250918,314372,324022,285155,260385,250428,352086,338939,409600,242806,245388,210874,241646,322188,222891,234585,261158,389571,286218,358682,323221,239144,224884,370199,312045,322695,379902,229285,274887,302328
186,613083,325073,333165,339153,366476,237651,292736,304326,265806,243680,231833,325778,320541,383276,223518,233163,200480,226794,305146,211191,215500,245925,365286,270012,343230,308740,225523,207547,347268,294957,304120,354959,210632,254004,284425
187,577998,300302,315087,319557,346205,222434,270554,284142,249065,227805,216091,300872,303818,357837,208662,221999,190459,210965,287229,199432,197902,232734,342339,252501,329872,298189,210448,192551,327037,278085,286676,331040,192834,233540,269505
188,542971,275852,295185,297060,323612,205515,249136,266110,229456,211222,200502,276182,284165,330940,190844,209976,179791,196792,270787,187180,181778,218557,320436,233467,312220,285763,197338,176034,306544,260309,266905,304482,175777,214373,253005
189,508019,250796,272618,272866,300869,186382,225122,245134,210615,194004,184687,250894,262438,301017,174147,196083,167159,180114,249583,173062,163388,203017,297544,214189,292972,270453,182802,160503,283642,242683,245571,277394,159437,194402,236203
190,480547,224379,249939,246555,274746,164980,201376,222744,189812,174861,167668,224976,239988,272087,156153,180482,153796,163318,226592,158843,145934,187393,269290,192771,270505,252010,166644,144034,259162,221728,223258,248850,142629,174937,216530
191,453732,200784,226785,221843,249338,146059,180421,201415,169327,157182,152124,200773,216585,244954,140331,164394,140381,145747,206625,143015,130996,170871,244781,173259,246673,231070,151369,128537,233714,202437,201118,221673,128257,155015,196654
192,430830,178657,206262,198959,226133,130170,161871,181145,151819,141021,137704,178917,193942,219865,125553,149102,126979,130175,185167,129886,116034,154514,221258,156004,225772,211604,136216,115054,210866,184662,181318,197537,114036,138796,177929
193,413001,159178,188078,178381,203712,117344,145768,164408,137136,126344,125128,161439,175519,200231,113423,134800,115469,117756,168954,117422,105092,140617,202493,140781,206650,193268,122671,102780,191744,168432,164768,177216,103173,125124,161570
194,393749,144811,172925,161651,185765,107655,134609,149175,124975,115463,114749,145360,159276,182605,103322,124476,107077,107027,154247,107322,94862,127557,185474,128729,190611,177924,111829,93040,175605,154122,151783,162005,94024,114798,148299
195,377617,132377,160432,148819,171164,100251,125125,138810,115936,106486,105448,134309,146799,169947,94834,115965,99822,98431,142520,99386,87020,117639,171865,119020,177885,165942,103076,85403,163437,143602,140774,149345,87270,106030,136654
196,359668,122986,151294,137928,159671,93681,116509,130630,108075,100183,98309,123827,137874,158918,87660,107406,94460,92764,132933,92891,80531,109758,160454,111471,167987,155758,96688,78705,153191,133700,131068,139877,80581,98722,127675
197,340586,115816,143488,129654,150388,89227,110315,123370,102244,94730,91901,115836,129570,148738,83041,103456,89071,86899,125506,88844,74972,103905,152306,104917,159834,149042,91113,74399,144952,126792,123212,131786,75915,93406,120810
198,321539,109314,135741,122182,141805,84601,102785,117435,95646,89296,86709,108389,122998,140413,77347,98048,84728,81344,119063,84522,69193,99594,144591,98745,153290,143694,86788,69299,137263,119977,117137,123566,71748,87763,115458
199,305353,102771,129311,114089,134946,79277,96508,111172,91024,84711,80794,101179,115852,131137,72183,92627,79708,76582,112374,79185,63911,94638,136374,93135,145428,137529,81279,65387,129771,112205,110757,115422,67889,82374,109685
200,287213,95466,122137,105337,126713,73461,89561,104353,84616,79293,74902,95065,108711,121758,67279,87389,74741,70989,104330,74308,59154,90116,127358,86537,137020,129803,76325,60996,122905,104704,103219,107411,64176,76439,103531
201,271101,87401,113988,96912,117484,67931,82283,97076,78837,73992,69494,87769,101438,111501,61960,81087,69271,65367,96130,69178,54581,84060,119427,80277,128654,122145,71078,55961,113079,97691,95733,98711,59741,70462,96826
202,255689,80237,104875,89093,108132,62159,75288,89542,71999,67501,64102,80012,92279,102032,56679,75028,63881,59126,88213,62602,49658,77137,109271,72206,118227,112651,64750,51756,104411,89543,87593,89562,55329,64924,89240
203,242732,73427,96553,80289,98779,56955,69370,81464,65675,62070,58518,72907,84205,93835,52039,68057,58625,54222,80683,57657,45034,70684,99763,66732,109071,103799,59113,47128,95882,82781,80307,81265,50581,59371,81607
204,230201,66813,88240,72856,90268,52791,63982,75531,60188,57766,53826,66616,76702,85449,47417,62368,54258,49857,73673,52833,41057,64813,92639,60305,99654,95666,54069,43335,88127,76328,73419,74638,46535,54421,74876
205,219293,61490,81883,67285,83268,49661,59202,69112,55094,53556,49696,61503,70604,78319,43707,57769,49615,45669,67557,48412,37479,59679,85639,55925,92496,88047,49914,39666,81874,69869,67896,69036,42786,50336,68993
206,209256,56650,76390,61500,77561,46531,55510,64530,51686,49942,45916,56789,65391,73841,40719,53318,46435,42466,63143,45134,34839,55855,79232,51659,86393,81848,46100,36916,76346,64885,63216,63511,40186,46878,64149
207,199411,52866,72420,57630,71929,44405,51893,60959,48071,46738,42898,53313,61259,69196,38017,50526,43822,39446,59096,42053,32189,52028,74372,48878,81338,78045,42868,34557,72014,60591,58898,59974,37440,43677,60088
208,189978,48978,67866,53770,67729,42137,49323,57097,45668,43943,40533,50028,57508,65179,35183,47464,41489,37212,55490,39921,30358,49364,70170,46064,77059,72925,40692,32190,68749,56720,55922,56479,35283,40811,56589
209,179164,46618,63969,50984,64088,39602,46539,53811,43200,41630,38477,47265,54114,61249,33455,44929,39138,35022,51849,37439,28208,46029,66338,43527,72468,69798,38207,30356,64504,53326,51795,52252,33189,38627,53466
210,169858,43000,60718,47807,60479,37508,43391,50865,40571,39304,35731,44637,51460,57462,30997,42044,37118,32783,48718,34681,26293,44527,62337,40568,69149,66438,36160,28109,61229,49521,49049,49408,31084,35540,50337
211,160070,39882,56931,44043,56817,35249,40178,47556,37026,36674,33125,41539,48095,53001,29111,39755,34184,30717,45162,32313,23941,41440,57814,38108,64177,62258,33187,26221,56757,46024,45412,45426,29267,32803,47427
212,150436,36351,52450,41084,52035,33134,37346,43877,34926,33873,31134,37950,44567,49309,26405,36566,32070,28034,41961,29782,22425,38634,53656,34973,59685,57836,30711,24187,53084,42664,41649,41991,26866,30252,43717
213,141368,32988,48804,37117,47830,30236,34428,40102,31705,31079,28492,34350,40300,45084,24697,33405,29132,25725,38202,27385,20305,35591,49179,32496,54697,53250,28286,21791,48714,39578,38557,37889,24507,27194,39645
214,133119,30399,44261,33749,43268,28084,31486,36540,28916,28655,25991,31414,36913,40935,22286,30192,26696,23549,35078,24792,18635,31982,44937,29518,50423,48387,25470,20187,45145,35896,35192,34563,22302,24898,36848
215,127392,27514,40545,31151,39927,26007,28897,33759,26671,26170,24128,28712,33577,37911,20390,28047,24651,21620,31822,22414,16861,29340,41317,26969,46069,44881,23344,18572,40937,32899,32342,31736,20408,22494,33280
216,120147,24812,38031,28468,36605,24385,27123,30845,24675,23961,22314,26548,31069,34801,19005,25659,22866,19661,29662,20635,15341,27206,38090,25014,42956,41299,21506,16781,38140,30109,29757,29059,18782,21351,30775
217,114356,23256,34564,26631,34024,22990,25572,28782,22768,22394,20993,23990,28733,32217,17401,23823,21528,18903,27366,19067,14461,25324,35551,23586,40257,38126,19673,15682,35268,28036,27465,26973,17368,19607,28548
218,108616,21357,32720,24498,32310,22257,23806,26837,21741,21009,19544,22919,26912,30351,16227,22368,20020,17294,25412,17902,13398,23597,33197,22153,37376,36402,18672,14831,33177,26507,25616,25089,16184,18336,26842
219,103624,20246,30956,23415,30290,21022,22877,25160,20597,19814,18411,21219,25463,28343,15399,21151,18976,16202,23784,16899,12279,22399,31447,20771,35550,34390,17353,13627,31286,24393,24427,23652,15160,17121,25133
220,98222,18666,29082,22199,28207,19827,21650,23535,19262,18327,17503,19754,23886,26558,14469,19976,18066,15246,22573,15465,11806,20909,29747,19746,33377,32331,16304,12651,29044,22979,23026,22184,14262,16036,23517
221,92565,17303,27755,20691,26548,18909,20135,21926,18152,17123,16790,18505,22412,24911,13599,18459,17019,14278,20837,14728,10811,19518,27769,18640,31394,30544,15508,11814,27669,21581,21330,20306,13300,14932,22158
222,87303,15949,25185,18893,24500,17565,18802,20465,16609,15889,15362,16968,20676,23331,12421,17355,15875,13383,19271,13426,9994,18249,26225,17273,29327,28486,14130,11086,25032,20093,19795,18760,12555,13621,20381
223,81383,14427,23147,17611,22584,16312,17316,18554,15560,14771,14004,15704,18897,21285,11354,15767,14553,12263,17934,12240,9044,16681,23771,15909,26560,26169,12796,10159,22998,18250,17918,17224,11277,12632,19112
224,76982,13523,21471,16199,20650,15340,16352,17021,14320,13969,13028,14272,17484,19667,10291,14406,13336,11381,16322,11149,8332,15410,21673,14812,24917,23929,11776,9157,20931,16735,16712,15664,10423,11376,17332
225,72687,12048,19730,14656,18797,14601,15041,15813,13260,12681,11993,13082,15950,18272,9533,13362,12180,10571,14916,10397,7536,14138,20444,13504,22563,22035,10807,8572,19098,15548,15160,14395,9656,10540,15565
226,68506,10109,18071,13868,17504,13708,14006,14178,12395,11603,10812,11905,14865,16851,8699,12146,11376,9631,13654,9468,7057,12875,18549,12688,20974,20235,9988,7840,17829,14289,13992,13346,8981,9730,14423
227,65868,9059,16801,12878,16338,12983,13190,13240,11499,10892,10420,11098,13864,15481,8251,11306,10659,9093,12729,8768,6638,11899,17364,12033,19574,18560,9339,7179,16502,13180,13067,12300,8176,9090,13084
228,62162,6534,15804,12214,15354,12506,12610,12362,10812,10523,9819,4895,12752,14746,7805,10315,9851,8443,11995,8165,6204,11098,16552,11335,18477,17495,8862,6879,15636,12404,12113,11697,3262,8864,12609
229,59724,6204,14918,11491,14254,12119,12298,11582,10605,10209,9434,4524,12330,13858,7158,10004,9270,8163,11291,7587,5922,10576,15821,10889,16994,16572,8207,6751,14580,11716,11393,11046,3062,8198,11577
230,57332,5697,14189,10826,13771,11628,12129,11184,10011,9400,9049,4200,11953,13163,7047,9659,8877,7841,10669,7026,5732,10091,15408,10696,16224,15776,7790,6431,13923,10937,10892,10688,2652,8001,11208
